"[tensor([[     78,      91,     145,  ..., 1536956,    1024,    8192]]), tensor([[1]])]",1536956,0.9999989,49,0.9999989
"[tensor([[   78,    91,   145,  ..., 95780,  1024,  8192]]), tensor([[1]])]",95780,1.0,49,1.0
"[tensor([[   78,    91,   145,  ..., 55296,  1024,  8192]]), tensor([[1]])]",55296,0.99344444,49,0.99344444
"[tensor([[    78,     91,    145,  ..., 363520,   1024,   8192]]), tensor([[1]])]",363520,0.97516817,49,0.97516817
"[tensor([[    78,     91,    145,  ..., 549376,   1024,   8192]]), tensor([[1]])]",549376,0.9999523,49,0.9999523
"[tensor([[   78,    91,   145,  ..., 73792,  1024,  8192]]), tensor([[1]])]",73792,0.78885806,20,0.49374783
"[tensor([[    78,     91,    145,  ..., 432128,   1024,   8192]]), tensor([[1]])]",432128,0.98847955,49,0.95986885
"[tensor([[     78,      91,     145,  ..., 1296357,    1024,    8192]]), tensor([[1]])]",1296357,0.9999889,49,0.9999876
"[tensor([[     78,      91,     145,  ..., 1772549,    1024,    8192]]), tensor([[1]])]",1772549,0.9999974,49,0.9999974
"[tensor([[    78,     91,    145,  ..., 961832,   1024,   8192]]), tensor([[1]])]",961832,0.94449234,49,0.94449234
"[tensor([[   78,    91,   129,  ..., 70656,   512,  8192]]), tensor([[1]])]",70656,0.9996247,49,0.99958795
"[tensor([[     78,      91,     145,  ..., 1155320,    1024,    8192]]), tensor([[1]])]",1155320,0.9095089,49,0.9090675
"[tensor([[   78,    91,   145,  ..., 49682,  1024,  8192]]), tensor([[1]])]",49682,0.997526,49,0.9972909
"[tensor([[    78,     91,    145,  ..., 454404,   1024,   8192]]), tensor([[1]])]",454404,0.97211,49,0.97211
"[tensor([[   78,    91,   145,  ..., 58178,  1024,  8192]]), tensor([[1]])]",58178,0.9971513,49,0.987425
"[tensor([[    78,     91,    145,  ..., 743424,   1024,   8192]]), tensor([[1]])]",743424,0.8653641,49,0.8653641
"[tensor([[     78,      91,     145,  ..., 1016721,    1024,    8192]]), tensor([[1]])]",1016721,0.9988148,49,0.9988148
"[tensor([[    78,     91,    145,  ..., 188369,   1024,   8192]]), tensor([[1]])]",188369,0.9999814,49,0.9999814
"[tensor([[    78,     91,    145,  ..., 188830,   1024,   8192]]), tensor([[1]])]",188830,0.7388542,49,0.7388542
"[tensor([[   78,    91,   145,  ..., 62464,  1024,  8192]]), tensor([[1]])]",62464,0.9695188,49,0.9695188
"[tensor([[    78,     91,    145,  ..., 507189, 158208,   8192]]), tensor([[1]])]",507189,0.9999995,49,0.9999995
"[tensor([[     78,      91,     145,  ..., 1164800,    1024,    8192]]), tensor([[1]])]",1164800,0.98114383,45,0.49402362
"[tensor([[    78,     91,    145,  ..., 430080,   1024,   8192]]), tensor([[1]])]",430080,0.73790646,35,0.49501234
"[tensor([[     78,      91,      81,  ..., 1180319,    1024,    8192]]), tensor([[1]])]",1180319,0.99527836,49,0.99527836
"[tensor([[     78,      91,     145,  ..., 1142784,    1024,    8192]]), tensor([[1]])]",1142784,0.9543472,49,0.95218945
"[tensor([[     78,      91,     145,  ..., 1572395,    1024,    8192]]), tensor([[1]])]",1572395,1.0,49,1.0
"[tensor([[    78,     91,    145,  ..., 430080,   1024,   8192]]), tensor([[1]])]",430080,0.99688077,49,0.98860383
"[tensor([[   78,    91,   145,  ..., 43788,  1024,  8192]]), tensor([[1]])]",43788,0.98412466,49,0.98412466
"[tensor([[    78,     91,    145,  ..., 430080,   1024,   8192]]), tensor([[1]])]",430080,0.9935767,49,0.97551155
"[tensor([[    78,     91,    145,  ..., 172032,  49152,   8192]]), tensor([[1]])]",172032,0.97877663,45,0.4902634
"[tensor([[   78,    91,   145,  ..., 96271,   512,  8192]]), tensor([[1]])]",96271,0.9999237,49,0.9999237
"[tensor([[   78,    91,   145,  ..., 51676,  1024,  8192]]), tensor([[1]])]",51676,0.9409187,49,0.90874875
"[tensor([[    78,     91,    145,  ..., 477662,   1024,   8192]]), tensor([[1]])]",477662,0.9999982,49,0.99998474
"[tensor([[    78,     91,    145,  ..., 755454,   1024,   8192]]), tensor([[1]])]",755454,0.99999726,49,0.99999726
"[tensor([[    78,     91,    145,  ..., 432128,   1024,   8192]]), tensor([[1]])]",432128,0.9936413,49,0.9776642
"[tensor([[    78,     91,    145,  ..., 251240,   1024,   8192]]), tensor([[1]])]",251240,1.0,49,1.0
"[tensor([[    78,     91,    145,  ..., 471040,   1024,   8192]]), tensor([[1]])]",471040,0.5042415,0,0.49847746
"[tensor([[    78,     91,     81,  ..., 461312,    512,   8192]]), tensor([[1]])]",461312,0.99935454,49,0.99935454
"[tensor([[    78,     91,    145,  ..., 603136,   1024,   8192]]), tensor([[1]])]",603136,0.95428306,49,0.7946622
"[tensor([[    78,     91,    145,  ..., 203924,   1024,   8192]]), tensor([[1]])]",203924,1.0,49,1.0
"[tensor([[   78,    91,   145,  ..., 49314,  1024,  8192]]), tensor([[1]])]",49314,0.9998913,49,0.99983966
"[tensor([[    78,     91,    145,  ..., 430080,   1024,   8192]]), tensor([[1]])]",430080,0.9794097,49,0.9295593
"[tensor([[    78,     91,    145,  ..., 976152,   1024,   8192]]), tensor([[1]])]",976152,0.9999846,49,0.9999846
"[tensor([[    78,     91,    145,  ..., 430080,   1024,   8192]]), tensor([[1]])]",430080,0.94650745,49,0.81632876
"[tensor([[    78,     91,    145,  ..., 172544,   1024,   8192]]), tensor([[1]])]",172544,0.9999441,49,0.99994147
"[tensor([[    78,     91,     81,  ..., 340992,   1024,   8192]]), tensor([[1]])]",340992,0.9204986,49,0.9204986
"[tensor([[   78,    91,   145,  ..., 68960,  1024,  8192]]), tensor([[1]])]",68960,0.98127055,49,0.98127055
"[tensor([[    78,     91,     81,  ..., 401871,  45056,   8192]]), tensor([[1]])]",401871,0.7468426,49,0.64626044
"[tensor([[     78,      91,     145,  ..., 1089776,    1024,    8192]]), tensor([[1]])]",1089776,0.9998547,49,0.9998547
"[tensor([[    78,     91,     81,  ..., 327680,   1024,   8192]]), tensor([[1]])]",327680,0.80868286,49,0.80868286
"[tensor([[     78,      91,      81,  ..., 1771862,   45056,    8192]]), tensor([[1]])]",1771862,0.99821824,49,0.99798965
"[tensor([[    78,     91,    145,  ..., 340250,   1024,   8192]]), tensor([[1]])]",340250,1.0,49,1.0
"[tensor([[    78,     91,    145,  ..., 211593,   1024,   8192]]), tensor([[1]])]",211593,1.0,49,1.0
"[tensor([[    78,     91,    145,  ..., 430080,   1024,   8192]]), tensor([[1]])]",430080,0.9885356,49,0.959755
"[tensor([[     78,      91,     145,  ..., 1452190,    1024,    8192]]), tensor([[1]])]",1452190,1.0,49,1.0
"[tensor([[    78,     91,    145,  ..., 674261,   1024,   8192]]), tensor([[1]])]",674261,0.6540979,49,0.6540979
"[tensor([[    78,     91,    145,  ..., 419202,   1024,   8192]]), tensor([[1]])]",419202,0.9953838,49,0.9953838
"[tensor([[   78,    91,   145,  ..., 51980,  1024,  8192]]), tensor([[1]])]",51980,0.99738806,49,0.99708265
"[tensor([[     78,      91,     145,  ..., 1228288,    1024,    8192]]), tensor([[1]])]",1228288,0.9998324,49,0.9998324
"[tensor([[    78,     91,    145,  ..., 340892,   1024,   8192]]), tensor([[1]])]",340892,1.0,49,1.0
"[tensor([[   78,    91,   145,  ..., 60427,   512,  8192]]), tensor([[1]])]",60427,0.99995244,49,0.99995077
"[tensor([[    78,     91,    145,  ..., 100376,   1024,   8192]]), tensor([[1]])]",100376,0.8709651,25,0.49893102
"[tensor([[    78,     91,    145,  ..., 391956,   1024,   8192]]), tensor([[1]])]",391956,0.9130434,49,0.8983856
"[tensor([[    78,     91,    145,  ..., 760296,    512,   8192]]), tensor([[1]])]",760296,0.9932162,31,0.4743517
"[tensor([[   78,    91,   145,  ..., 62670,  1024,  8192]]), tensor([[1]])]",62670,0.9993812,49,0.9993812
"[tensor([[     78,      91,     145,  ..., 1494523,     512,    8192]]), tensor([[1]])]",1494523,0.99999964,49,0.99999964
"[tensor([[    78,     91,    145,  ..., 430080,   1024,   8192]]), tensor([[1]])]",430080,0.9716803,49,0.9018245
"[tensor([[    78,     91,    145,  ..., 192521,   1024,   8192]]), tensor([[1]])]",192521,0.9960867,49,0.9960867
"[tensor([[    78,     91,    145,  ..., 613888,   1024,   8192]]), tensor([[1]])]",613888,0.9992742,49,0.9992742
"[tensor([[    78,     91,    123,  ..., 423761,   1024,   8192]]), tensor([[1]])]",423761,1.0,49,1.0
"[tensor([[     78,      91,     145,  ..., 1572225,    1024,    8192]]), tensor([[1]])]",1572225,0.59371203,49,0.59371203
"[tensor([[    78,     91,    145,  ..., 186888,   1024,   8192]]), tensor([[1]])]",186888,0.9994373,49,0.99941456
"[tensor([[    78,     91,    145,  ..., 161792,   1024,   8192]]), tensor([[1]])]",161792,0.9995332,49,0.9995332
"[tensor([[    78,     91,     61,  ..., 358714,   1536,   8192]]), tensor([[1]])]",358714,0.99999976,49,0.99999976
"[tensor([[     78,      91,     145,  ..., 1174016,    1024,    8192]]), tensor([[1]])]",1174016,0.97569275,49,0.97569275
"[tensor([[    78,     91,    145,  ..., 430080,   1024,   8192]]), tensor([[1]])]",430080,0.9883631,49,0.95940167
"[tensor([[    78,     91,    145,  ..., 324684,   1024,   8192]]), tensor([[1]])]",324684,0.99999976,49,0.99999976
"[tensor([[    78,     91,    145,  ..., 430080,   1024,   8192]]), tensor([[1]])]",430080,0.9897483,49,0.96147734
"[tensor([[    78,     91,    145,  ..., 340996,   1024,   8192]]), tensor([[1]])]",340996,0.95857424,49,0.95062125
"[tensor([[     78,      91,     145,  ..., 1155320,    1024,    8192]]), tensor([[1]])]",1155320,0.9870279,48,0.4791232
"[tensor([[    78,     91,    145,  ..., 423954,   1024,   8192]]), tensor([[1]])]",423954,0.9999844,49,0.9986004
"[tensor([[    78,     91,    145,  ..., 969208,    512,   8192]]), tensor([[1]])]",969208,0.8235624,9,0.47913778
"[tensor([[   78,    91,   145,  ..., 48844,  1024,  8192]]), tensor([[1]])]",48844,0.99751556,49,0.99751556
"[tensor([[     78,      91,     145,  ..., 1155320,    1024,    8192]]), tensor([[1]])]",1155320,0.9500238,49,0.94765234
"[tensor([[    78,     91,    145,  ..., 632832,   1024,   8192]]), tensor([[1]])]",632832,0.99702877,49,0.99702877
"[tensor([[   78,    91,   145,  ..., 96288,  1024,  8192]]), tensor([[1]])]",96288,0.90091425,49,0.90091425
"[tensor([[    78,     91,    145,  ..., 317461,   1024,   8192]]), tensor([[1]])]",317461,1.0,49,1.0
"[tensor([[   78,    91,   145,  ..., 62464,  1024,  8192]]), tensor([[1]])]",62464,0.9992238,23,0.47968197
"[tensor([[     78,      91,     145,  ..., 1156088,    1024,    8192]]), tensor([[1]])]",1156088,0.99707794,49,0.99707794
"[tensor([[   78,    91,   145,  ..., 72704,  1024,  8192]]), tensor([[1]])]",72704,0.9815137,49,0.92588013
"[tensor([[    78,     91,    145,  ..., 430080,   1024,   8192]]), tensor([[1]])]",430080,0.9948992,49,0.9820685
"[tensor([[     78,      91,      81,  ..., 1453022,    1024,    8192]]), tensor([[1]])]",1453022,0.9997851,27,0.47613245
"[tensor([[    78,     91,    145,  ..., 949976,   1024,   8192]]), tensor([[1]])]",949976,0.9898235,49,0.9898235
"[tensor([[   78,    91,   145,  ..., 62464,  1024,  8192]]), tensor([[1]])]",62464,0.9992285,24,0.4300854
"[tensor([[    78,     91,    145,  ..., 486121,    512,   8192]]), tensor([[1]])]",486121,0.98978883,49,0.98978883
"[tensor([[     78,      91,     145,  ..., 1342663,    1024,    8192]]), tensor([[1]])]",1342663,0.9723713,26,0.49556014
"[tensor([[    78,     91,    145,  ..., 326852,   1024,   8192]]), tensor([[1]])]",326852,1.0,49,1.0
"[tensor([[    78,     91,    145,  ..., 296736,   1024,   8192]]), tensor([[1]])]",296736,0.9992812,49,0.9992812
"[tensor([[    78,     91,     97,  ..., 218539,   1024,   8192]]), tensor([[1]])]",218539,0.8490692,49,0.84867924
"[tensor([[   78,    91,   145,  ..., 46592,  1024,  8192]]), tensor([[1]])]",46592,0.7129064,49,0.7129064
"[tensor([[    78,     91,    145,  ..., 236702,   1024,   8192]]), tensor([[1]])]",236702,1.0,49,1.0
"[tensor([[     78,      91,      81,  ..., 1666936,    1024,    8192]]), tensor([[1]])]",1666936,0.6804094,49,0.6804094
"[tensor([[    78,     91,    145,  ..., 939521,    512,   8192]]), tensor([[1]])]",939521,0.9900047,49,0.9900047
"[tensor([[    78,     91,    145,  ..., 430814,   1024,   8192]]), tensor([[1]])]",430814,0.98712873,49,0.5823091
"[tensor([[    78,     91,    145,  ..., 143432,   1024,   8192]]), tensor([[1]])]",143432,0.9996834,49,0.9996834
"[tensor([[    78,     91,    145,  ..., 102131,   1024,   8192]]), tensor([[1]])]",102131,0.9997992,49,0.9997992
"[tensor([[     78,      91,     145,  ..., 1155320,    1024,    8192]]), tensor([[1]])]",1155320,0.9298654,49,0.9298654
"[tensor([[     78,      91,     145,  ..., 1407094,     512,    8192]]), tensor([[1]])]",1407094,0.99966395,49,0.99966395
"[tensor([[    78,     91,     81,  ..., 959546,  45056,   8192]]), tensor([[1]])]",959546,0.99998534,49,0.99998534
"[tensor([[   78,    91,   145,  ..., 55094,  1024,  8192]]), tensor([[1]])]",55094,0.99877053,49,0.9968142
"[tensor([[    78,     91,    145,  ..., 995841,    512,   8192]]), tensor([[1]])]",995841,0.9994772,49,0.9994772
"[tensor([[     78,      91,     145,  ..., 1346991,    1024,    8192]]), tensor([[1]])]",1346991,0.9999999,49,0.9999999
"[tensor([[    78,     91,    145,  ..., 334704,   1024,   8192]]), tensor([[1]])]",334704,0.70857126,49,0.69609714
"[tensor([[   78,    91,   145,  ..., 96288,  1024,  8192]]), tensor([[1]])]",96288,0.9723607,49,0.9723607
"[tensor([[    78,     91,    145,  ..., 723968,   1024,   8192]]), tensor([[1]])]",723968,0.9999995,49,0.9999995
"[tensor([[     78,      91,     145,  ..., 1065741,    1024,    8192]]), tensor([[1]])]",1065741,0.99999976,49,0.99999976
"[tensor([[    78,     91,     81,  ..., 847178,  45056,   8192]]), tensor([[1]])]",847178,0.99999857,49,0.99999833
"[tensor([[    78,     91,     81,  ..., 816016,   1024,   8192]]), tensor([[1]])]",816016,0.99365306,49,0.99365306
"[tensor([[    78,     91,    145,  ..., 475136,   1024,   8192]]), tensor([[1]])]",475136,0.87154233,49,0.87154233
"[tensor([[    78,     91,    145,  ..., 543232,   1024,   8192]]), tensor([[1]])]",543232,0.9999459,49,0.9999459
"[tensor([[    78,     91,    145,  ..., 995841,    512,   8192]]), tensor([[1]])]",995841,0.99908745,49,0.9989913
"[tensor([[    78,     91,     97,  ..., 218876,   1024,   8192]]), tensor([[1]])]",218876,0.93728775,49,0.93728775
"[tensor([[   78,    91,   105,  ..., 85290,  1024,  8192]]), tensor([[1]])]",85290,0.9714616,49,0.9714616
"[tensor([[    78,     91,     81,  ..., 502481,   1024,   8192]]), tensor([[1]])]",502481,0.5649411,49,0.5649411
"[tensor([[    78,     91,    145,  ..., 428784,   1024,   8192]]), tensor([[1]])]",428784,0.9211619,49,0.9211619
"[tensor([[     78,      91,      81,  ..., 1045479,  304128,    8192]]), tensor([[1]])]",1045479,0.9999999,49,0.9999999
"[tensor([[    78,     91,    145,  ..., 963073,    512,   8192]]), tensor([[1]])]",963073,0.99999917,49,0.99999917
"[tensor([[    78,     91,     81,  ..., 562119,   1024,   8192]]), tensor([[1]])]",562119,0.99943274,49,0.99943274
"[tensor([[    78,     91,    145,  ..., 455364,   1024,   8192]]), tensor([[1]])]",455364,0.9974247,49,0.9974247
"[tensor([[    78,     91,    145,  ..., 296672,   1024,   8192]]), tensor([[1]])]",296672,0.9997062,49,0.9997062
"[tensor([[    78,     91,     81,  ..., 392704,   1024,   8192]]), tensor([[1]])]",392704,0.7422097,49,0.70957315
"[tensor([[     78,      91,     145,  ..., 1344007,    1024,    8192]]), tensor([[1]])]",1344007,0.99442106,49,0.99442106
"[tensor([[    78,     91,    145,  ..., 921858,   1024,   8192]]), tensor([[1]])]",921858,0.9974981,49,0.99741924
"[tensor([[   78,    91,   145,  ..., 40056,  1024,  8192]]), tensor([[1]])]",40056,0.99970204,49,0.99970204
"[tensor([[     78,      91,      81,  ..., 1180252,    1024,    8192]]), tensor([[1]])]",1180252,0.99748164,49,0.99748164
"[tensor([[     78,      91,     145,  ..., 1273344,    1024,    8192]]), tensor([[1]])]",1273344,0.51913667,49,0.51913667
"[tensor([[     78,      91,      81,  ..., 1758038,   45056,    8192]]), tensor([[1]])]",1758038,0.9999325,49,0.999923
"[tensor([[    78,     91,    145,  ..., 432374,   1024,   8192]]), tensor([[1]])]",432374,0.7257101,49,0.7257101
"[tensor([[    78,     91,    145,  ..., 468829,    512,   8192]]), tensor([[1]])]",468829,0.9616463,49,0.9616463
"[tensor([[     78,      91,     145,  ..., 1407094,     512,    8192]]), tensor([[1]])]",1407094,0.9999341,49,0.9999341
"[tensor([[    78,     91,    145,  ..., 191368,   1024,   8192]]), tensor([[1]])]",191368,0.92033863,49,0.92033863
"[tensor([[   78,    91,   145,  ..., 49656,  1024,  8192]]), tensor([[1]])]",49656,0.99443334,49,0.9799361
"[tensor([[   78,    91,   145,  ..., 53283,  1024,  8192]]), tensor([[1]])]",53283,0.98729485,49,0.98729485
"[tensor([[    78,     91,     81,  ..., 719725, 304128,   8192]]), tensor([[1]])]",719725,0.9999987,49,0.9999987
"[tensor([[     78,      91,     145,  ..., 1238359,    1024,    8192]]), tensor([[1]])]",1238359,0.99962556,49,0.99962556
"[tensor([[    78,     91,    145,  ..., 115528,   1024,   8192]]), tensor([[1]])]",115528,0.99781823,49,0.99781823
"[tensor([[    78,     91,     81,  ..., 655599,   1024,   8192]]), tensor([[1]])]",655599,0.970348,7,0.49121654
"[tensor([[    78,     91,    145,  ..., 375808,   1024,   8192]]), tensor([[1]])]",375808,0.99936646,49,0.9993369
"[tensor([[    78,     91,    145,  ..., 430080,   1024,   8192]]), tensor([[1]])]",430080,0.96143246,49,0.8728281
"[tensor([[     78,      91,     145,  ..., 1117453,    1024,    8192]]), tensor([[1]])]",1117453,0.9980292,49,0.9980292
"[tensor([[    78,     91,    145,  ..., 495620,   1024,   8192]]), tensor([[1]])]",495620,0.97909904,49,0.97909904
"[tensor([[     78,      91,       3,  ..., 1425656,    1024,    8192]]), tensor([[1]])]",1425656,0.97907877,49,0.97907877
"[tensor([[   78,    91,    70,  ..., 94286,  1024,  8192]]), tensor([[1]])]",94286,0.8978978,49,0.8978978
"[tensor([[     78,      91,     145,  ..., 1122304,    1024,    8192]]), tensor([[1]])]",1122304,0.9781294,49,0.9781294
"[tensor([[    78,     91,    145,  ..., 178916,   1024,   8192]]), tensor([[1]])]",178916,0.69486296,49,0.69486296
"[tensor([[    78,     91,    145,  ..., 142650,   1024,   8192]]), tensor([[1]])]",142650,1.0,49,1.0
"[tensor([[   78,    91,   145,  ..., 54671,  1024,  8192]]), tensor([[1]])]",54671,0.9996847,49,0.9996847
"[tensor([[    78,     91,    145,  ..., 901634,   1024,   8192]]), tensor([[1]])]",901634,0.99961615,49,0.99961615
"[tensor([[    78,     91,    145,  ..., 430080,   1024,   8192]]), tensor([[1]])]",430080,0.9017513,49,0.7181875
"[tensor([[    78,     91,     81,  ..., 461824,   1024,   8192]]), tensor([[1]])]",461824,0.601228,49,0.601228
"[tensor([[    78,     91,    145,  ..., 640605,   1024,   8192]]), tensor([[1]])]",640605,1.0,49,1.0
"[tensor([[    78,     91,    145,  ..., 153110,   1024,   8192]]), tensor([[1]])]",153110,0.99990296,49,0.99990296
"[tensor([[     78,      91,     145,  ..., 1049089,     512,    8192]]), tensor([[1]])]",1049089,0.9999995,49,0.9999995
"[tensor([[    78,     91,    145,  ..., 105472,   1024,   8192]]), tensor([[1]])]",105472,0.99357647,49,0.9932823
"[tensor([[    78,     91,    145,  ..., 439808,   1024,   8192]]), tensor([[1]])]",439808,0.9966509,49,0.9966509
"[tensor([[    78,     91,    123,  ..., 423761,   1024,   8192]]), tensor([[1]])]",423761,1.0,49,1.0
"[tensor([[     78,      91,     145,  ..., 1041352,    1024,    8192]]), tensor([[1]])]",1041352,0.97470427,49,0.9739778
"[tensor([[    78,     91,     81,  ..., 299142,   1024,   8192]]), tensor([[1]])]",299142,0.90521884,49,0.90521884
"[tensor([[    78,     91,    145,  ..., 548988,   1024,   8192]]), tensor([[1]])]",548988,0.9999715,49,0.9999715
"[tensor([[   78,    91,   145,  ..., 84992,  1024,  8192]]), tensor([[1]])]",84992,0.97984904,24,0.47786915
"[tensor([[    78,     91,    145,  ..., 822928,   1024,   8192]]), tensor([[1]])]",822928,0.9993174,49,0.9609107
"[tensor([[    78,     91,    145,  ..., 545240,   1024,   8192]]), tensor([[1]])]",545240,0.99970347,49,0.99758935
"[tensor([[   78,    91,   145,  ..., 48650,  1024,  8192]]), tensor([[1]])]",48650,0.9979284,49,0.9977799
"[tensor([[    78,     91,    145,  ..., 456192,   1024,   8192]]), tensor([[1]])]",456192,0.996576,49,0.9964947
"[tensor([[    78,     91,    145,  ..., 258048,   1024,   8192]]), tensor([[1]])]",258048,0.9999064,49,0.9999064
"[tensor([[    78,     91,    145,  ..., 432128,   1024,   8192]]), tensor([[1]])]",432128,0.9235457,49,0.76591325
"[tensor([[    78,     91,    145,  ..., 430080,   1024,   8192]]), tensor([[1]])]",430080,0.91411614,49,0.74915737
"[tensor([[    78,     91,    145,  ..., 430080,   1024,   8192]]), tensor([[1]])]",430080,0.9634335,49,0.87605065
"[tensor([[    78,     91,    145,  ..., 942069,   1024,   8192]]), tensor([[1]])]",942069,0.999948,49,0.999948
"[tensor([[   78,    91,   145,  ..., 95741,  1024,  8192]]), tensor([[1]])]",95741,0.9996979,49,0.9996979
"[tensor([[   78,    91,   129,  ..., 49880,   512,  8192]]), tensor([[1]])]",49880,0.999863,49,0.999863
"[tensor([[    78,     91,    145,  ..., 133970,   1024,   8192]]), tensor([[1]])]",133970,0.9963653,49,0.9960968
"[tensor([[    78,     91,    145,  ..., 355898,   1024,   8192]]), tensor([[1]])]",355898,1.0,49,1.0
"[tensor([[     78,      91,     145,  ..., 1547776,     512,    8192]]), tensor([[1]])]",1547776,0.9997662,49,0.9997662
"[tensor([[    78,     91,    145,  ..., 943564,   1024,   8192]]), tensor([[1]])]",943564,0.9999262,49,0.9999262
"[tensor([[    78,     91,    145,  ..., 430080,   1024,   8192]]), tensor([[1]])]",430080,0.9871055,49,0.95310634
"[tensor([[     78,      91,     145,  ..., 1155320,    1024,    8192]]), tensor([[1]])]",1155320,0.9299602,29,0.49128577
"[tensor([[    78,     91,    145,  ..., 227910,   1024,   8192]]), tensor([[1]])]",227910,0.99999976,49,0.99999976
"[tensor([[    78,     91,     97,  ..., 218487,   1024,   8192]]), tensor([[1]])]",218487,0.9257895,49,0.9257895
"[tensor([[    78,     91,    145,  ..., 384937,   1024,   8192]]), tensor([[1]])]",384937,1.0,49,1.0
"[tensor([[    78,     91,    145,  ..., 364434,   1024,   8192]]), tensor([[1]])]",364434,0.9987355,49,0.9987355
"[tensor([[     78,      91,     145,  ..., 1155320,    1024,    8192]]), tensor([[1]])]",1155320,0.8885632,49,0.8885632
"[tensor([[    78,     91,    145,  ..., 734753, 545792,   8192]]), tensor([[1]])]",734753,0.9999782,49,0.9999782
"[tensor([[    78,     91,    145,  ..., 720736,   1024,   8192]]), tensor([[1]])]",720736,0.9999845,49,0.9999845
"[tensor([[    78,     91,    145,  ..., 430080,   1024,   8192]]), tensor([[1]])]",430080,0.9643672,49,0.8840142
"[tensor([[    78,     91,    145,  ..., 432128,   1024,   8192]]), tensor([[1]])]",432128,0.70075256,30,0.4972472
"[tensor([[    78,     91,    145,  ..., 735744,   1024,   8192]]), tensor([[1]])]",735744,0.9904294,49,0.9904294
"[tensor([[   78,    91,   145,  ..., 44520,  1024,  8192]]), tensor([[1]])]",44520,0.9549268,49,0.9501192
"[tensor([[    78,     91,    145,  ..., 430080,   1024,   8192]]), tensor([[1]])]",430080,0.9958896,49,0.9855359
"[tensor([[    78,     91,     81,  ..., 649612, 349184,   8192]]), tensor([[1]])]",649612,0.99996924,49,0.99996924
"[tensor([[     78,      91,     145,  ..., 1335744,    1024,    8192]]), tensor([[1]])]",1335744,0.9982167,49,0.9982167
"[tensor([[    78,     91,    145,  ..., 321006,   1024,   8192]]), tensor([[1]])]",321006,1.0,49,1.0
"[tensor([[    78,     91,    145,  ..., 430080,   1024,   8192]]), tensor([[1]])]",430080,0.9873324,49,0.95231956
"[tensor([[    78,     91,    145,  ..., 786432,   1024,   8192]]), tensor([[1]])]",786432,0.99976534,49,0.99885976
"[tensor([[     78,      91,     145,  ..., 1335744,    1024,    8192]]), tensor([[1]])]",1335744,0.99820304,49,0.99820304
"[tensor([[    78,     91,     81,  ..., 449024,   1024,   8192]]), tensor([[1]])]",449024,0.9920283,49,0.9920283
"[tensor([[    78,     91,    145,  ..., 563712,   1024,   8192]]), tensor([[1]])]",563712,0.9912846,49,0.9912846
"[tensor([[     78,      91,     145,  ..., 1292106,    1024,    8192]]), tensor([[1]])]",1292106,1.0,49,1.0
"[tensor([[    78,     91,    145,  ..., 417222,   1024,   8192]]), tensor([[1]])]",417222,0.9820686,49,0.9820686
"[tensor([[    78,     91,    145,  ..., 787080,    512,   8192]]), tensor([[1]])]",787080,0.9999938,49,0.9826654
"[tensor([[    78,     91,     81,  ..., 882176,   1024,   8192]]), tensor([[1]])]",882176,0.9878884,49,0.9878884
"[tensor([[    78,     91,    145,  ..., 430080,   1024,   8192]]), tensor([[1]])]",430080,0.9483282,49,0.8370118
"[tensor([[     78,      91,     145,  ..., 1122304,    1024,    8192]]), tensor([[1]])]",1122304,0.9942135,49,0.9942135
"[tensor([[    78,     91,    145,  ..., 632832,   1024,   8192]]), tensor([[1]])]",632832,0.99860007,49,0.99860007
"[tensor([[     78,      91,      81,  ..., 1008751,  283648,    8192]]), tensor([[1]])]",1008751,0.9999703,49,0.99995375
"[tensor([[    78,     91,    145,  ..., 442742,    512,   8192]]), tensor([[1]])]",442742,0.99346393,49,0.99346393
"[tensor([[     78,      91,     145,  ..., 1164800,    1024,    8192]]), tensor([[1]])]",1164800,0.7947096,49,0.7947096
"[tensor([[    78,     91,    145,  ..., 603320,   1024,   8192]]), tensor([[1]])]",603320,0.5742343,10,0.49394077
"[tensor([[   78,    91,   145,  ..., 69112,  1024,  8192]]), tensor([[1]])]",69112,1.0,49,1.0
"[tensor([[    78,     91,    145,  ..., 142386,   1024,   8192]]), tensor([[1]])]",142386,1.0,49,1.0
"[tensor([[    78,     91,    145,  ..., 548939,   1024,   8192]]), tensor([[1]])]",548939,0.9999999,49,0.9999999
"[tensor([[     78,      91,      81,  ..., 1455206,   45056,    8192]]), tensor([[1]])]",1455206,0.99967515,49,0.9996327
"[tensor([[     78,      91,      81,  ..., 1150010,   45056,    8192]]), tensor([[1]])]",1150010,0.9994288,49,0.9993482
"[tensor([[     78,      91,     145,  ..., 1316444,    1024,    8192]]), tensor([[1]])]",1316444,1.0,49,1.0
"[tensor([[     78,      91,     145,  ..., 1336256,    1024,    8192]]), tensor([[1]])]",1336256,0.99907386,49,0.99907386
"[tensor([[    78,     91,    145,  ..., 159631,   1024,   8192]]), tensor([[1]])]",159631,0.99814343,49,0.9573894
"[tensor([[    78,     91,    145,  ..., 297472,   1024,   8192]]), tensor([[1]])]",297472,0.99980015,49,0.99980015
"[tensor([[    78,     91,     97,  ..., 218435,   1024,   8192]]), tensor([[1]])]",218435,0.9778836,49,0.9778836
"[tensor([[     78,      91,     145,  ..., 1076174,     512,    8192]]), tensor([[1]])]",1076174,0.9995479,49,0.9712389
"[tensor([[    78,     91,     97,  ..., 218799,   1024,   8192]]), tensor([[1]])]",218799,0.98080176,49,0.98019546
"[tensor([[    78,     91,     70,  ..., 121466,   1024,   8192]]), tensor([[1]])]",121466,0.9707737,49,0.5936027
"[tensor([[    78,     91,    145,  ..., 430080,   1024,   8192]]), tensor([[1]])]",430080,0.98461425,49,0.9474884
"[tensor([[    78,     91,    145,  ..., 297392,   1024,   8192]]), tensor([[1]])]",297392,0.9997503,49,0.9997503
"[tensor([[     78,      91,     145,  ..., 1087517,    1024,    8192]]), tensor([[1]])]",1087517,1.0,49,1.0
"[tensor([[    78,     91,     81,  ..., 694784,   1024,   8192]]), tensor([[1]])]",694784,0.9958742,49,0.9958742
"[tensor([[     78,      91,     145,  ..., 1335744,    1024,    8192]]), tensor([[1]])]",1335744,0.99815136,49,0.99815136
"[tensor([[     78,      91,     145,  ..., 1762964,    1024,    8192]]), tensor([[1]])]",1762964,1.0,49,1.0
"[tensor([[     78,      91,     145,  ..., 1155320,    1024,    8192]]), tensor([[1]])]",1155320,0.82571036,17,0.49832112
"[tensor([[     78,      91,     145,  ..., 1808898,     512,    8192]]), tensor([[1]])]",1808898,0.9999993,49,0.9999993
"[tensor([[   78,    91,   145,  ..., 46276,  1024,  8192]]), tensor([[1]])]",46276,0.997715,49,0.99754083
"[tensor([[    78,     91,     81,  ..., 625521,   1024,   8192]]), tensor([[1]])]",625521,0.99999976,49,0.99999976
"[tensor([[    78,     91,     73,  ..., 130260,   1024,   8192]]), tensor([[1]])]",130260,0.9919282,49,0.9919282
"[tensor([[    78,     91,    145,  ..., 150654,    512,   8192]]), tensor([[1]])]",150654,1.0,49,1.0
"[tensor([[     78,      91,      81,  ..., 1753430,   45056,    8192]]), tensor([[1]])]",1753430,0.9995852,49,0.99957544
"[tensor([[     78,      91,      81,  ..., 1598806,   45056,    8192]]), tensor([[1]])]",1598806,0.9641239,49,0.9592222
"[tensor([[     78,      91,     145,  ..., 1155320,    1024,    8192]]), tensor([[1]])]",1155320,0.96526873,37,0.47771257
"[tensor([[    78,     91,    145,  ..., 958465,    512,   8192]]), tensor([[1]])]",958465,0.9999993,49,0.9999993
"[tensor([[    78,     91,     81,  ..., 792872,  45056,   8192]]), tensor([[1]])]",792872,0.9929081,49,0.9929081
"[tensor([[   78,    91,   145,  ..., 92160,   512,  8192]]), tensor([[1]])]",92160,0.99995434,49,0.99995434
"[tensor([[     78,      91,      81,  ..., 1664000,    1024,    8192]]), tensor([[1]])]",1664000,0.7490862,49,0.7451964
"[tensor([[   78,    91,   145,  ..., 81442, 29696,  8192]]), tensor([[1]])]",81442,0.99870825,49,0.6231386
"[tensor([[    78,     91,    145,  ..., 704052,   1024,   8192]]), tensor([[1]])]",704052,0.9776909,49,0.9740805
"[tensor([[     78,      91,     145,  ..., 1475741,    1024,    8192]]), tensor([[1]])]",1475741,1.0,49,1.0
"[tensor([[    78,     91,     81,  ..., 594432,   1024,   8192]]), tensor([[1]])]",594432,0.9961253,49,0.99400514
"[tensor([[    78,     91,    145,  ..., 329216,   1024,   8192]]), tensor([[1]])]",329216,0.94121695,41,0.49779025
"[tensor([[    78,     91,    145,  ..., 419840,   1024,   8192]]), tensor([[1]])]",419840,0.99864966,49,0.9980363
"[tensor([[   78,    91,   145,  ..., 71168,  1024,  8192]]), tensor([[1]])]",71168,0.72349685,49,0.72349685
"[tensor([[    78,     91,    145,  ..., 455144,   1024,   8192]]), tensor([[1]])]",455144,0.72236675,49,0.72236675
"[tensor([[    78,     91,    145,  ..., 354304,    512,   8192]]), tensor([[1]])]",354304,0.999795,49,0.999795
"[tensor([[     78,      91,     145,  ..., 1122304,    1024,    8192]]), tensor([[1]])]",1122304,0.9919338,49,0.9919138
"[tensor([[     78,      91,     145,  ..., 1855035,    1024,    8192]]), tensor([[1]])]",1855035,0.99999774,49,0.99999774
"[tensor([[    78,     91,    145,  ..., 400384,    512,   8192]]), tensor([[1]])]",400384,0.99921966,49,0.99921966
"[tensor([[     78,      91,     145,  ..., 1529344,    1024,    8192]]), tensor([[1]])]",1529344,0.999997,49,0.9999968
"[tensor([[     78,      91,     145,  ..., 1498878,    1024,    8192]]), tensor([[1]])]",1498878,0.9987337,49,0.9987337
"[tensor([[     78,      91,     145,  ..., 1056768,    1024,    8192]]), tensor([[1]])]",1056768,0.999889,49,0.999889
"[tensor([[    78,     91,    145,  ..., 819200,   1024,   8192]]), tensor([[1]])]",819200,0.8080145,49,0.806986
"[tensor([[     78,      91,     145,  ..., 1122304,    1024,    8192]]), tensor([[1]])]",1122304,0.98200595,49,0.9818786
"[tensor([[    78,     91,    145,  ..., 297472,   1024,   8192]]), tensor([[1]])]",297472,0.9997311,49,0.9997311
"[tensor([[    78,     91,    145,  ..., 430080,   1024,   8192]]), tensor([[1]])]",430080,0.9977982,49,0.99218583
"[tensor([[    78,     91,     97,  ..., 218474,   1024,   8192]]), tensor([[1]])]",218474,0.9939857,49,0.9939857
"[tensor([[    78,     91,    145,  ..., 237568, 135168,   8192]]), tensor([[1]])]",237568,0.99791485,49,0.99791485
"[tensor([[     78,      91,     145,  ..., 1072309,    1024,    8192]]), tensor([[1]])]",1072309,0.9998933,49,0.9998553
"[tensor([[    78,     91,     50,  ..., 461312,   1024,   8192]]), tensor([[1]])]",461312,0.91768116,49,0.91768116
"[tensor([[     78,      91,     145,  ..., 1771008,    1024,    8192]]), tensor([[1]])]",1771008,0.9153339,49,0.90706617
"[tensor([[     78,      91,      81,  ..., 1145402,   45056,    8192]]), tensor([[1]])]",1145402,0.99362516,49,0.99272376
"[tensor([[    78,     91,    145,  ..., 160768,   1024,   8192]]), tensor([[1]])]",160768,0.9999337,49,0.9996296
"[tensor([[    78,     91,    145,  ..., 454584,   1024,   8192]]), tensor([[1]])]",454584,0.99605274,49,0.99605274
"[tensor([[    78,     91,     75,  ..., 325308,   1024,   8192]]), tensor([[1]])]",325308,0.94774336,49,0.94774336
"[tensor([[     78,      91,     145,  ..., 1255424,    1024,    8192]]), tensor([[1]])]",1255424,0.9999981,49,0.999998
"[tensor([[    78,     91,    145,  ..., 305664,   1024,   8192]]), tensor([[1]])]",305664,0.98996943,49,0.98996127
"[tensor([[    78,     91,    145,  ..., 506368,   1024,   8192]]), tensor([[1]])]",506368,0.64450604,12,0.4946196
"[tensor([[    78,     91,    145,  ..., 679968,   1024,   8192]]), tensor([[1]])]",679968,0.9767005,49,0.97590977
"[tensor([[    78,     91,     81,  ..., 677262,   1024,   8192]]), tensor([[1]])]",677262,0.53855765,49,0.527528
"[tensor([[    78,     91,    145,  ..., 749896,   1024,   8192]]), tensor([[1]])]",749896,0.98181987,44,0.4914653
"[tensor([[    78,     91,     81,  ..., 221827,   1024,   8192]]), tensor([[1]])]",221827,0.9922965,49,0.9922162
"[tensor([[    78,     91,    145,  ..., 830448,    512,   8192]]), tensor([[1]])]",830448,0.9999852,49,0.9999852
"[tensor([[    78,     91,    145,  ..., 707073,    512,   8192]]), tensor([[1]])]",707073,0.93553436,49,0.93553436
"[tensor([[   78,    91,   145,  ..., 94712, 43008,  8192]]), tensor([[1]])]",94712,0.99959654,49,0.99959654
"[tensor([[    78,     91,    145,  ..., 143165,  66048,   8192]]), tensor([[1]])]",143165,0.9422227,49,0.9422227
"[tensor([[    78,     91,    145,  ..., 385648,   1024,   8192]]), tensor([[1]])]",385648,0.7172514,49,0.7172514
"[tensor([[   78,    91,   145,  ..., 66129,  1024,  8192]]), tensor([[1]])]",66129,0.99994457,49,0.99994457
"[tensor([[    78,     91,    145,  ..., 117668,   1024,   8192]]), tensor([[1]])]",117668,0.99907494,49,0.99907494
"[tensor([[   78,    91,   145,  ..., 82653,   512,  8192]]), tensor([[1]])]",82653,0.99983776,49,0.99983776
"[tensor([[     78,      91,     145,  ..., 1399296,     512,    8192]]), tensor([[1]])]",1399296,0.9987041,49,0.9987041
"[tensor([[    78,     91,    145,  ..., 296704,   1024,   8192]]), tensor([[1]])]",296704,0.99998,49,0.99998
"[tensor([[    78,     91,    145,  ..., 454994,   1024,   8192]]), tensor([[1]])]",454994,0.9901288,49,0.9901288
"[tensor([[     78,      91,     145,  ..., 1335744,    1024,    8192]]), tensor([[1]])]",1335744,0.9935906,49,0.9935906
"[tensor([[     78,      91,     145,  ..., 1174016,    1024,    8192]]), tensor([[1]])]",1174016,0.93758035,49,0.93758035
"[tensor([[    78,     91,    145,  ..., 354304,   1024,   8192]]), tensor([[1]])]",354304,0.99456984,49,0.9943961
"[tensor([[    78,     91,     97,  ..., 218773,   1024,   8192]]), tensor([[1]])]",218773,0.9954951,41,0.4846972
"[tensor([[    78,     91,    145,  ..., 346154,   1024,   8192]]), tensor([[1]])]",346154,0.9999993,49,0.9999993
"[tensor([[     78,      91,     145,  ..., 1140722,    1024,    8192]]), tensor([[1]])]",1140722,0.99994934,49,0.99994934
"[tensor([[    78,     91,     81,  ..., 322560,   1024,   8192]]), tensor([[1]])]",322560,0.9697053,49,0.9697053
"[tensor([[    78,     91,    145,  ..., 573952,    512,   8192]]), tensor([[1]])]",573952,0.98256356,49,0.98256356
"[tensor([[   78,    91,   145,  ..., 49628,  1024,  8192]]), tensor([[1]])]",49628,0.99905676,49,0.9966918
"[tensor([[     78,      91,     145,  ..., 1172992,    1024,    8192]]), tensor([[1]])]",1172992,0.8693952,16,0.47505745
"[tensor([[     78,      91,     145,  ..., 1468929,     512,    8192]]), tensor([[1]])]",1468929,0.89644873,49,0.89644873
"[tensor([[    78,     91,    145,  ..., 296720,   1024,   8192]]), tensor([[1]])]",296720,0.9999286,49,0.9999286
"[tensor([[    78,     91,    145,  ..., 430080,   1024,   8192]]), tensor([[1]])]",430080,0.9823476,49,0.93999714
"[tensor([[     78,      91,     145,  ..., 1752576,    1024,    8192]]), tensor([[1]])]",1752576,0.9950163,17,0.43960834
"[tensor([[     78,      91,     145,  ..., 1220840,    1024,    8192]]), tensor([[1]])]",1220840,0.58978415,3,0.48037466
"[tensor([[    78,     91,    145,  ..., 495616,   1024,   8192]]), tensor([[1]])]",495616,0.95046324,49,0.95046324
"[tensor([[    78,     91,    145,  ..., 423516,   1024,   8192]]), tensor([[1]])]",423516,0.9999727,49,0.99758315
"[tensor([[    78,     91,    145,  ..., 216576,   1024,   8192]]), tensor([[1]])]",216576,0.9984237,49,0.9984048
"[tensor([[     78,      91,     145,  ..., 1164800,    1024,    8192]]), tensor([[1]])]",1164800,0.8816336,23,0.49724296
"[tensor([[    78,     91,    145,  ..., 430080,   1024,   8192]]), tensor([[1]])]",430080,0.7313073,37,0.4969942
"[tensor([[    78,     91,    145,  ..., 613888,   1024,   8192]]), tensor([[1]])]",613888,0.9997029,49,0.9997029
"[tensor([[    78,     91,    145,  ..., 459268,   1024,   8192]]), tensor([[1]])]",459268,0.99999833,49,0.99999833
"[tensor([[   78,    91,   145,  ..., 61440,  1024,  8192]]), tensor([[1]])]",61440,0.93080974,49,0.93080974
"[tensor([[    78,     91,    145,  ..., 687616,   1024,   8192]]), tensor([[1]])]",687616,0.99293375,49,0.99293375
"[tensor([[    78,     91,    145,  ..., 543232,   1024,   8192]]), tensor([[1]])]",543232,0.9999535,49,0.999617
"[tensor([[    78,     91,    145,  ..., 227914,   1024,   8192]]), tensor([[1]])]",227914,0.99999976,49,0.99999964
"[tensor([[    78,     91,    145,  ..., 607871,   1024,   8192]]), tensor([[1]])]",607871,0.9987863,49,0.9987515
"[tensor([[     78,      91,     145,  ..., 1604988,    1024,    8192]]), tensor([[1]])]",1604988,0.9999999,49,0.9999999
"[tensor([[    78,     91,     81,  ..., 781824,   1024,   8192]]), tensor([[1]])]",781824,0.9999893,49,0.9999893
"[tensor([[    78,     91,    123,  ..., 149806,   1024,   8192]]), tensor([[1]])]",149806,1.0,49,1.0
"[tensor([[    78,     91,    145,  ..., 370495,   1024,   8192]]), tensor([[1]])]",370495,0.9999988,49,0.9999988
"[tensor([[    78,     91,    145,  ..., 246272,   1024,   8192]]), tensor([[1]])]",246272,0.9999877,49,0.9999877
"[tensor([[    78,     91,    145,  ..., 269488,   1024,   8192]]), tensor([[1]])]",269488,0.8447168,4,0.4286057
"[tensor([[    78,     91,    145,  ..., 296600,   1024,   8192]]), tensor([[1]])]",296600,0.999835,49,0.999835
"[tensor([[    78,     91,    145,  ..., 620926,    512,   8192]]), tensor([[1]])]",620926,0.9897877,49,0.9897877
"[tensor([[   78,    91,   145,  ..., 92672,   512,  8192]]), tensor([[1]])]",92672,0.99981135,49,0.99981135
"[tensor([[    78,     91,    145,  ..., 347648,   1024,   8192]]), tensor([[1]])]",347648,0.8678548,49,0.85771054
"[tensor([[   78,    91,    34,  ..., 63941,  1024,  8192]]), tensor([[1]])]",63941,0.8883954,28,0.48426312
"[tensor([[    78,     91,    145,  ..., 936475,   1024,   8192]]), tensor([[1]])]",936475,0.9899422,49,0.9899102
"[tensor([[   78,    91,    12,  ..., 57326,  1024,  8192]]), tensor([[1]])]",57326,0.9981462,49,0.9981462
"[tensor([[     78,      91,     145,  ..., 1164800,    1024,    8192]]), tensor([[1]])]",1164800,0.93166685,49,0.93166685
"[tensor([[    78,     91,    145,  ..., 432128,   1024,   8192]]), tensor([[1]])]",432128,0.9096462,49,0.737631
"[tensor([[     78,      91,     145,  ..., 1242696,    1024,    8192]]), tensor([[1]])]",1242696,0.80234444,12,0.48314896
"[tensor([[     78,      91,     145,  ..., 1155320,    1024,    8192]]), tensor([[1]])]",1155320,0.9001523,25,0.48305246
"[tensor([[    78,     91,    145,  ..., 202463,   1024,   8192]]), tensor([[1]])]",202463,0.98522586,49,0.98522586
"[tensor([[     78,      91,     145,  ..., 1869824,    1024,    8192]]), tensor([[1]])]",1869824,0.9564344,49,0.9564344
"[tensor([[    78,     91,    145,  ..., 430080,   1024,   8192]]), tensor([[1]])]",430080,0.99300134,49,0.97528434
"[tensor([[    78,     91,    145,  ..., 528080,   1024,   8192]]), tensor([[1]])]",528080,0.8277932,49,0.8277932
"[tensor([[     78,      91,     145,  ..., 1335744,    1024,    8192]]), tensor([[1]])]",1335744,0.9832423,49,0.9829607
"[tensor([[    78,     91,    145,  ..., 327102,   1024,   8192]]), tensor([[1]])]",327102,1.0,49,1.0
"[tensor([[    78,     91,    145,  ..., 498977,   1024,   8192]]), tensor([[1]])]",498977,0.96516365,49,0.96516365
"[tensor([[    78,     91,    145,  ..., 430080,   1024,   8192]]), tensor([[1]])]",430080,0.9722536,49,0.8978377
"[tensor([[    78,     91,    145,  ..., 563712,   1024,   8192]]), tensor([[1]])]",563712,0.9910048,49,0.9910048
"[tensor([[   78,    91,   145,  ..., 91599, 41472,  8192]]), tensor([[1]])]",91599,0.9797111,49,0.9797111
"[tensor([[    78,     91,    145,  ..., 424068,   1024,   8192]]), tensor([[1]])]",424068,0.99978405,49,0.97941464
"[tensor([[   78,    91,   145,  ..., 83352,   512,  8192]]), tensor([[1]])]",83352,0.9967963,49,0.9967963
"[tensor([[    78,     91,    145,  ..., 260608,   1024,   8192]]), tensor([[1]])]",260608,0.9995208,49,0.9995208
"[tensor([[    78,     91,     81,  ..., 791863, 304128,   8192]]), tensor([[1]])]",791863,0.99999213,49,0.99999213
"[tensor([[    78,     91,     97,  ..., 218825,   1024,   8192]]), tensor([[1]])]",218825,0.8287898,12,0.49151087
"[tensor([[    78,     91,    105,  ..., 453437,    512,   8192]]), tensor([[1]])]",453437,0.80499196,49,0.80499196
"[tensor([[     78,      91,     145,  ..., 1335744,    1024,    8192]]), tensor([[1]])]",1335744,0.99487656,49,0.99487656
"[tensor([[    78,     91,    145,  ..., 723968,   1024,   8192]]), tensor([[1]])]",723968,0.99999964,45,0.42701387
"[tensor([[    78,     91,     73,  ..., 130351,   1024,   8192]]), tensor([[1]])]",130351,0.9864183,49,0.98631454
"[tensor([[   78,    91,   145,  ..., 44078,  1024,  8192]]), tensor([[1]])]",44078,0.95107675,49,0.95107675
"[tensor([[     78,      91,     145,  ..., 1164800,    1024,    8192]]), tensor([[1]])]",1164800,0.98976594,49,0.9891789
"[tensor([[     78,      91,     145,  ..., 1338885,    1024,    8192]]), tensor([[1]])]",1338885,0.7527461,49,0.7527461
"[tensor([[    78,     91,    145,  ..., 150028,    512,   8192]]), tensor([[1]])]",150028,1.0,49,1.0
"[tensor([[     78,      91,     145,  ..., 1155320,    1024,    8192]]), tensor([[1]])]",1155320,0.84099764,49,0.8317806
"[tensor([[    78,     91,    145,  ..., 861184,    512,   8192]]), tensor([[1]])]",861184,0.96900105,49,0.9670834
"[tensor([[    78,     91,    145,  ..., 460800,   1024,   8192]]), tensor([[1]])]",460800,0.9975546,49,0.9975163
"[tensor([[    78,     91,    145,  ..., 430080,   1024,   8192]]), tensor([[1]])]",430080,0.96416336,49,0.88251746
"[tensor([[    78,     91,    145,  ..., 569044,   1024,   8192]]), tensor([[1]])]",569044,1.0,49,1.0
"[tensor([[    78,     91,    145,  ..., 240952,   1024,   8192]]), tensor([[1]])]",240952,0.9999957,49,0.99972504
"[tensor([[    78,     91,     97,  ..., 218981,   1024,   8192]]), tensor([[1]])]",218981,0.95378655,49,0.9510515
"[tensor([[    78,     91,    145,  ..., 226313,   1024,   8192]]), tensor([[1]])]",226313,0.9018384,49,0.9018384
"[tensor([[     78,      91,     145,  ..., 1157270,    1024,    8192]]), tensor([[1]])]",1157270,1.0,49,1.0
"[tensor([[    78,     91,     97,  ..., 218448,   1024,   8192]]), tensor([[1]])]",218448,0.99442166,39,0.48321897
"[tensor([[   78,    91,   145,  ..., 34286,  1024,  8192]]), tensor([[1]])]",34286,0.99166334,49,0.99160296
"[tensor([[   78,    91,   145,  ..., 94104,   512,  8192]]), tensor([[1]])]",94104,0.99983394,49,0.99983394
"[tensor([[    78,     91,    145,  ..., 613376,   1024,   8192]]), tensor([[1]])]",613376,0.9984332,49,0.9984332
"[tensor([[    78,     91,    145,  ..., 668160,   1024,   8192]]), tensor([[1]])]",668160,0.99999535,49,0.99999535
"[tensor([[    78,     91,     81,  ..., 766302,   1024,   8192]]), tensor([[1]])]",766302,1.0,49,1.0
"[tensor([[     78,      91,     145,  ..., 1990145,     512,    8192]]), tensor([[1]])]",1990145,0.9999994,49,0.9999994
"[tensor([[   78,    91,   145,  ..., 46234,  1024,  8192]]), tensor([[1]])]",46234,0.991672,49,0.991672
"[tensor([[     78,      91,     145,  ..., 1335744,    1024,    8192]]), tensor([[1]])]",1335744,0.99824524,49,0.99824524
"[tensor([[     78,      91,      81,  ..., 1934112,    1024,    8192]]), tensor([[1]])]",1934112,0.9098587,49,0.90561277
"[tensor([[    78,     91,    145,  ..., 460648,   1024,   8192]]), tensor([[1]])]",460648,0.71905327,2,0.38710368
"[tensor([[     78,      91,      81,  ..., 1696616,    1024,    8192]]), tensor([[1]])]",1696616,0.9967577,49,0.9967577
"[tensor([[    78,     91,    145,  ..., 861696,    512,   8192]]), tensor([[1]])]",861696,0.9828005,49,0.9821845
"[tensor([[     78,      91,      81,  ..., 1256448,    1024,    8192]]), tensor([[1]])]",1256448,1.0,49,1.0
"[tensor([[    78,     91,    145,  ..., 297424,   1024,   8192]]), tensor([[1]])]",297424,0.9996438,49,0.9996438
"[tensor([[    78,     91,    145,  ..., 320211,   1024,   8192]]), tensor([[1]])]",320211,1.0,49,1.0
"[tensor([[    78,     91,    145,  ..., 572303,    512,   8192]]), tensor([[1]])]",572303,0.77784246,49,0.77784246
"[tensor([[    78,     91,    145,  ..., 448000,   1024,   8192]]), tensor([[1]])]",448000,0.95865816,49,0.9443945
"[tensor([[     78,      91,     145,  ..., 1155320,    1024,    8192]]), tensor([[1]])]",1155320,0.92526543,49,0.92526543
"[tensor([[    78,     91,    145,  ..., 421376,   1024,   8192]]), tensor([[1]])]",421376,0.9994991,49,0.9994991
"[tensor([[    78,     91,     97,  ..., 218578,   1024,   8192]]), tensor([[1]])]",218578,0.98268604,49,0.98268604
"[tensor([[    78,     91,    145,  ..., 266240,   1024,   8192]]), tensor([[1]])]",266240,0.81097,49,0.7977245
"[tensor([[     78,      91,      81,  ..., 1034749,  304128,    8192]]), tensor([[1]])]",1034749,1.0,49,1.0
"[tensor([[    78,     91,     97,  ..., 218786,   1024,   8192]]), tensor([[1]])]",218786,0.9047868,49,0.9047868
"[tensor([[     78,      91,     145,  ..., 1201641,    1024,    8192]]), tensor([[1]])]",1201641,0.9999908,49,0.9999908
"[tensor([[    78,     91,    145,  ..., 430080,   1024,   8192]]), tensor([[1]])]",430080,0.8253679,49,0.5356573
"[tensor([[    78,     91,    145,  ..., 430080,   1024,   8192]]), tensor([[1]])]",430080,0.8582665,49,0.62745667
"[tensor([[   78,    91,   145,  ..., 83581,  1024,  8192]]), tensor([[1]])]",83581,1.0,49,1.0
"[tensor([[    78,     91,    145,  ..., 723968,   1024,   8192]]), tensor([[1]])]",723968,0.99999833,49,0.99999833
"[tensor([[    78,     91,    145,  ..., 874926,   1024,   8192]]), tensor([[1]])]",874926,0.9541965,49,0.9503161
"[tensor([[    78,     91,    145,  ..., 189222,   1024,   8192]]), tensor([[1]])]",189222,0.9990126,49,0.9990126
"[tensor([[     78,      91,     145,  ..., 1155320,    1024,    8192]]), tensor([[1]])]",1155320,0.9528779,34,0.48499987
"[tensor([[    78,     91,    145,  ..., 430974,   1024,   8192]]), tensor([[1]])]",430974,0.9773047,49,0.9773047
"[tensor([[    78,     91,    145,  ..., 296672,   1024,   8192]]), tensor([[1]])]",296672,0.9987587,49,0.9987587
"[tensor([[    78,     91,    145,  ..., 296720,   1024,   8192]]), tensor([[1]])]",296720,0.99995136,49,0.99995136
"[tensor([[    78,     91,     81,  ..., 887808,   1024,   8192]]), tensor([[1]])]",887808,1.0,49,1.0
"[tensor([[    78,     91,    145,  ..., 382640,   1024,   8192]]), tensor([[1]])]",382640,0.97443527,49,0.97443527
"[tensor([[    78,     91,    145,  ..., 637440,    512,   8192]]), tensor([[1]])]",637440,0.99193704,49,0.99193704
"[tensor([[    78,     91,    145,  ..., 964304,   1024,   8192]]), tensor([[1]])]",964304,0.9960199,49,0.9960199
"[tensor([[     78,      91,     145,  ..., 1335744,    1024,    8192]]), tensor([[1]])]",1335744,0.9985701,49,0.9985701
"[tensor([[    78,     91,    145,  ..., 220716,   1024,   8192]]), tensor([[1]])]",220716,0.9999981,49,0.9999981
"[tensor([[    78,     91,    145,  ..., 130222,   1024,   8192]]), tensor([[1]])]",130222,1.0,49,1.0
"[tensor([[    78,     91,    145,  ..., 296728,   1024,   8192]]), tensor([[1]])]",296728,0.9999293,49,0.9999293
"[tensor([[    78,     91,    145,  ..., 421142,   1024,   8192]]), tensor([[1]])]",421142,0.99111956,49,0.6202406
"[tensor([[     78,      91,      81,  ..., 1056278,    1024,    8192]]), tensor([[1]])]",1056278,0.65569717,49,0.65569717
"[tensor([[   78,    91,   145,  ..., 45440,  1024,  8192]]), tensor([[1]])]",45440,0.9955128,49,0.99231565
"[tensor([[    78,     91,    145,  ..., 304752,   1024,   8192]]), tensor([[1]])]",304752,0.90075696,49,0.90075696
"[tensor([[    78,     91,    145,  ..., 354304,    512,   8192]]), tensor([[1]])]",354304,0.9995277,49,0.99451244
"[tensor([[    78,     91,    145,  ..., 963940,   1024,   8192]]), tensor([[1]])]",963940,0.9993024,49,0.99465394
"[tensor([[    78,     91,    145,  ..., 368696,   1024,   8192]]), tensor([[1]])]",368696,0.9999368,49,0.9999311
"[tensor([[     78,      91,     145,  ..., 1335744,    1024,    8192]]), tensor([[1]])]",1335744,0.9952543,49,0.9952543
"[tensor([[   78,    91,   145,  ..., 45574,  1024,  8192]]), tensor([[1]])]",45574,0.99868673,49,0.99868673
"[tensor([[     78,      91,      81,  ..., 1180183,    1024,    8192]]), tensor([[1]])]",1180183,0.9976835,49,0.9976835
"[tensor([[    78,     91,    145,  ..., 430080,   1024,   8192]]), tensor([[1]])]",430080,0.9678013,49,0.89477295
"[tensor([[    78,     91,    145,  ..., 587776,   1024,   8192]]), tensor([[1]])]",587776,0.99990845,49,0.99578387
"[tensor([[   78,    91,   145,  ..., 62464,  1024,  8192]]), tensor([[1]])]",62464,0.9803218,13,0.4436325
"[tensor([[     78,      91,     145,  ..., 1298106,     512,    8192]]), tensor([[1]])]",1298106,0.99994445,49,0.9999262
"[tensor([[    78,     91,    145,  ..., 912897,    512,   8192]]), tensor([[1]])]",912897,0.99999905,49,0.99999905
"[tensor([[   78,    91,   251,  ..., 60155,  1024,  8192]]), tensor([[1]])]",60155,0.96480834,49,0.96339875
"[tensor([[     78,      91,     145,  ..., 1969664,    1024,    8192]]), tensor([[1]])]",1969664,0.88063496,49,0.88063496
"[tensor([[   78,    91,   145,  ..., 60427,   512,  8192]]), tensor([[1]])]",60427,0.9999964,49,0.9999963
"[tensor([[     78,      91,      81,  ..., 1180271,    1024,    8192]]), tensor([[1]])]",1180271,0.9993056,49,0.9993056
"[tensor([[    78,     91,    145,  ..., 895512,   1024,   8192]]), tensor([[1]])]",895512,0.9695225,49,0.5365114
"[tensor([[     78,      91,     145,  ..., 1155320,    1024,    8192]]), tensor([[1]])]",1155320,0.9835533,45,0.49217945
"[tensor([[    78,     91,    145,  ..., 787173,   1024,   8192]]), tensor([[1]])]",787173,1.0,49,1.0
"[tensor([[    78,     91,    145,  ..., 416256,   1024,   8192]]), tensor([[1]])]",416256,0.87663007,49,0.87663007
"[tensor([[    78,     91,    145,  ..., 102275,   1024,   8192]]), tensor([[1]])]",102275,0.9613105,49,0.95803577
"[tensor([[    78,     91,    145,  ..., 425984,   1024,   8192]]), tensor([[1]])]",425984,0.98512,49,0.87269485
"[tensor([[    78,     91,    145,  ..., 729248,   1024,   8192]]), tensor([[1]])]",729248,0.99951935,49,0.99951935
"[tensor([[    78,     91,    145,  ..., 325120,   1024,   8192]]), tensor([[1]])]",325120,0.9525561,49,0.9525561
"[tensor([[    78,     91,    145,  ..., 287232,   1024,   8192]]), tensor([[1]])]",287232,0.9999958,49,0.9999958
"[tensor([[    78,     91,     97,  ..., 218422,   1024,   8192]]), tensor([[1]])]",218422,0.9421345,22,0.46770707
"[tensor([[    78,     91,    145,  ..., 804864,   1024,   8192]]), tensor([[1]])]",804864,0.9999963,49,0.9999963
"[tensor([[    78,     91,    145,  ..., 156672,   1024,   8192]]), tensor([[1]])]",156672,0.99996364,49,0.9999604
"[tensor([[     78,      91,     145,  ..., 1155320,    1024,    8192]]), tensor([[1]])]",1155320,0.96034765,35,0.49935305
"[tensor([[    78,     91,    145,  ..., 129155,   1024,   8192]]), tensor([[1]])]",129155,0.9999999,49,0.9999999
"[tensor([[    78,     91,     81,  ..., 809353, 304128,   8192]]), tensor([[1]])]",809353,0.9999993,49,0.9999993
"[tensor([[    78,     91,     97,  ..., 218890,   1024,   8192]]), tensor([[1]])]",218890,0.96413887,49,0.96413887
"[tensor([[    78,     91,    145,  ..., 450264,   1024,   8192]]), tensor([[1]])]",450264,0.97275454,42,0.4891766
"[tensor([[     78,      91,      81,  ..., 1461818,   45056,    8192]]), tensor([[1]])]",1461818,0.99998343,49,0.9999808
"[tensor([[     78,      91,      81,  ..., 1469672,    1024,    8192]]), tensor([[1]])]",1469672,0.9351172,49,0.9351172
"[tensor([[    78,     91,    145,  ..., 133138,   1024,   8192]]), tensor([[1]])]",133138,0.99814427,49,0.9919008
"[tensor([[     78,      91,     145,  ..., 1231872,    1024,    8192]]), tensor([[1]])]",1231872,0.6613873,49,0.6613873
"[tensor([[    78,     91,    145,  ..., 732160,    512,   8192]]), tensor([[1]])]",732160,0.97255343,49,0.5965
"[tensor([[    78,     91,    145,  ..., 495620,   1024,   8192]]), tensor([[1]])]",495620,0.9569375,49,0.9569375
"[tensor([[     78,      91,     145,  ..., 1155320,    1024,    8192]]), tensor([[1]])]",1155320,0.76174176,49,0.74930006
"[tensor([[     78,      91,     145,  ..., 1969664,    1024,    8192]]), tensor([[1]])]",1969664,0.86690384,49,0.86690384
"[tensor([[    78,     91,    145,  ..., 788810,   1024,   8192]]), tensor([[1]])]",788810,0.9994779,49,0.9994779
"[tensor([[   78,    91,   145,  ..., 75038, 29696,  8192]]), tensor([[1]])]",75038,0.99517196,45,0.48135886
"[tensor([[   78,    91,   145,  ..., 49698,  1024,  8192]]), tensor([[1]])]",49698,0.99996793,49,0.9998857
"[tensor([[     78,      91,     145,  ..., 1145430,    1024,    8192]]), tensor([[1]])]",1145430,0.9999633,49,0.99898046
"[tensor([[     78,      91,     145,  ..., 1335280,    1024,    8192]]), tensor([[1]])]",1335280,0.9825403,49,0.9825403
"[tensor([[    78,     91,    145,  ..., 455664,   1024,   8192]]), tensor([[1]])]",455664,0.99863917,49,0.9986374
"[tensor([[    78,     91,    145,  ..., 297472,   1024,   8192]]), tensor([[1]])]",297472,0.9992879,49,0.9956066
"[tensor([[     78,      91,     145,  ..., 1807877,    1024,    8192]]), tensor([[1]])]",1807877,0.99990237,49,0.99764556
"[tensor([[    78,     91,    145,  ..., 723968,   1024,   8192]]), tensor([[1]])]",723968,0.99999833,49,0.99999833
"[tensor([[    78,     91,     81,  ..., 284882,   1024,   8192]]), tensor([[1]])]",284882,0.9999287,49,0.9999287
"[tensor([[    78,     91,    123,  ..., 132568,   1024,   8192]]), tensor([[1]])]",132568,1.0,49,1.0
"[tensor([[    78,     91,    145,  ..., 430080,   1024,   8192]]), tensor([[1]])]",430080,0.97195274,49,0.8968036
"[tensor([[    78,     91,    145,  ..., 629249,    512,   8192]]), tensor([[1]])]",629249,0.9999405,49,0.9999405
"[tensor([[   78,    91,   145,  ..., 50687,  1024,  8192]]), tensor([[1]])]",50687,0.9919478,49,0.9919478
"[tensor([[    78,     91,     81,  ..., 342016,  45056,   8192]]), tensor([[1]])]",342016,0.9996413,42,0.4806809
"[tensor([[    78,     91,    145,  ..., 375808,   1024,   8192]]), tensor([[1]])]",375808,0.9897591,40,0.4865572
"[tensor([[     78,      91,     145,  ..., 1155832,    1024,    8192]]), tensor([[1]])]",1155832,0.89218265,49,0.89218265
"[tensor([[    78,     91,    145,  ..., 296696,   1024,   8192]]), tensor([[1]])]",296696,0.9998957,49,0.9998957
"[tensor([[    78,     91,    145,  ..., 430080,   1024,   8192]]), tensor([[1]])]",430080,0.9825968,49,0.94094634
"[tensor([[     78,      91,      81,  ..., 1052672,   45056,    8192]]), tensor([[1]])]",1052672,0.999966,49,0.9999627
"[tensor([[    78,     91,    145,  ..., 591629,   1024,   8192]]), tensor([[1]])]",591629,0.9999999,49,0.9999999
"[tensor([[    78,     91,    145,  ..., 240640,   1024,   8192]]), tensor([[1]])]",240640,0.9454647,35,0.4883113
"[tensor([[   78,    91,   145,  ..., 61440,  1024,  8192]]), tensor([[1]])]",61440,0.8979537,7,0.46450087
"[tensor([[   78,    91,   145,  ..., 65432,   512,  8192]]), tensor([[1]])]",65432,0.9552117,49,0.9319576
"[tensor([[    78,     91,    145,  ..., 382776,   1024,   8192]]), tensor([[1]])]",382776,0.91878843,49,0.91878843
"[tensor([[     78,      91,      81,  ..., 1039894,    1024,    8192]]), tensor([[1]])]",1039894,0.79376525,17,0.498312
"[tensor([[     78,      91,     145,  ..., 1221120,    1024,    8192]]), tensor([[1]])]",1221120,0.99996114,49,0.99996114
"[tensor([[    78,     91,    145,  ..., 297336,   1024,   8192]]), tensor([[1]])]",297336,0.9998178,49,0.99981076
"[tensor([[    78,     91,     81,  ..., 858880,   1024,   8192]]), tensor([[1]])]",858880,0.8748738,49,0.8748738
"[tensor([[     78,      91,     145,  ..., 1242696,    1024,    8192]]), tensor([[1]])]",1242696,0.7641488,10,0.4853112
"[tensor([[     78,      91,     145,  ..., 1335744,    1024,    8192]]), tensor([[1]])]",1335744,0.9985746,49,0.9985746
"[tensor([[    78,     91,    145,  ..., 472440, 130048,   8192]]), tensor([[1]])]",472440,0.81985277,49,0.81985277
"[tensor([[    78,     91,    145,  ..., 495620,   1024,   8192]]), tensor([[1]])]",495620,0.9918602,49,0.9918602
"[tensor([[    78,     91,    145,  ..., 432128,   1024,   8192]]), tensor([[1]])]",432128,0.9880163,49,0.956286
"[tensor([[    78,     91,    145,  ..., 826881,    512,   8192]]), tensor([[1]])]",826881,0.9996302,49,0.9996302
"[tensor([[   78,    91,   145,  ..., 62464,  1024,  8192]]), tensor([[1]])]",62464,0.9996859,49,0.99962366
"[tensor([[   78,    91,   145,  ..., 46876,  1024,  8192]]), tensor([[1]])]",46876,0.9874786,49,0.9827169
"[tensor([[    78,     91,    145,  ..., 430080,   1024,   8192]]), tensor([[1]])]",430080,0.9892041,49,0.9624271
"[tensor([[     78,      91,     145,  ..., 1137152,    1024,    8192]]), tensor([[1]])]",1137152,0.99466777,49,0.9685847
"[tensor([[     78,      91,      81,  ..., 1933384,    1024,    8192]]), tensor([[1]])]",1933384,0.76381344,49,0.76381344
"[tensor([[    78,     91,    145,  ..., 430080,   1024,   8192]]), tensor([[1]])]",430080,0.9397716,49,0.80623543
"[tensor([[    78,     91,    145,  ..., 179002,  87040,   8192]]), tensor([[1]])]",179002,0.9999999,49,0.9801108
"[tensor([[   78,    91,   145,  ..., 92590,  1024,  8192]]), tensor([[1]])]",92590,0.99990857,49,0.9991284
"[tensor([[    78,     91,    145,  ..., 468480,   1024,   8192]]), tensor([[1]])]",468480,0.99889237,49,0.99889237
"[tensor([[     78,      91,     145,  ..., 1228800,    1024,    8192]]), tensor([[1]])]",1228800,0.9148046,49,0.9148046
"[tensor([[    78,     91,    145,  ..., 296736,   1024,   8192]]), tensor([[1]])]",296736,0.99987006,49,0.99987006
"[tensor([[    78,     91,     97,  ..., 218461,   1024,   8192]]), tensor([[1]])]",218461,0.92932904,49,0.92932904
"[tensor([[    78,     91,    145,  ..., 547328,   1024,   8192]]), tensor([[1]])]",547328,0.94929916,49,0.94929916
"[tensor([[   78,    91,   145,  ..., 36346,   512,  8192]]), tensor([[1]])]",36346,0.99645066,49,0.99645066
"[tensor([[    78,     91,     81,  ..., 990778,  45056,   8192]]), tensor([[1]])]",990778,0.9994351,49,0.99942786
"[tensor([[     78,      91,     145,  ..., 1126912,    1024,    8192]]), tensor([[1]])]",1126912,0.9994356,49,0.9951556
"[tensor([[    78,     91,    145,  ..., 607777,   1024,   8192]]), tensor([[1]])]",607777,0.9958501,49,0.99575764
"[tensor([[     78,      91,     145,  ..., 1479532,    1024,    8192]]), tensor([[1]])]",1479532,1.0,49,1.0
"[tensor([[    78,     91,    145,  ..., 413184,   1024,   8192]]), tensor([[1]])]",413184,0.6575787,49,0.6575787
"[tensor([[    78,     91,     81,  ..., 584861, 304128,   8192]]), tensor([[1]])]",584861,0.999998,49,0.999998
"[tensor([[    78,     91,    145,  ..., 430080,   1024,   8192]]), tensor([[1]])]",430080,0.99768305,49,0.9917605
"[tensor([[    78,     91,    145,  ..., 468480,   1024,   8192]]), tensor([[1]])]",468480,0.96725345,49,0.96725345
"[tensor([[    78,     91,    145,  ..., 430080,   1024,   8192]]), tensor([[1]])]",430080,0.9148133,49,0.9131186
"[tensor([[    78,     91,    145,  ..., 102168,   1024,   8192]]), tensor([[1]])]",102168,0.9997434,49,0.99970406
"[tensor([[   78,    91,   145,  ..., 46144,  1024,  8192]]), tensor([[1]])]",46144,0.9876437,49,0.98294365
"[tensor([[     78,      91,     145,  ..., 1335744,    1024,    8192]]), tensor([[1]])]",1335744,0.9925403,49,0.9925403
"[tensor([[    78,     91,    145,  ..., 417452,   1024,   8192]]), tensor([[1]])]",417452,0.9972377,49,0.8699979
"[tensor([[    78,     91,    145,  ..., 606720,   1024,   8192]]), tensor([[1]])]",606720,0.99999714,49,0.99999714
"[tensor([[    78,     91,    121,  ..., 728576,    512,   8192]]), tensor([[1]])]",728576,0.9606481,49,0.9606481
"[tensor([[    78,     91,    145,  ..., 304752,   1024,   8192]]), tensor([[1]])]",304752,0.83713716,49,0.83713716
"[tensor([[    78,     91,    145,  ..., 707073,    512,   8192]]), tensor([[1]])]",707073,0.9975708,49,0.9975708
"[tensor([[    78,     91,    145,  ..., 250368,    512,   8192]]), tensor([[1]])]",250368,0.9899889,49,0.9899889
"[tensor([[   78,    91,   145,  ..., 36864,  1024,  8192]]), tensor([[1]])]",36864,0.9993055,49,0.9830382
"[tensor([[    78,     91,    145,  ..., 538112,   1024,   8192]]), tensor([[1]])]",538112,0.99985015,49,0.99985015
"[tensor([[    78,     91,    145,  ..., 391967,   1024,   8192]]), tensor([[1]])]",391967,0.6438449,49,0.5935084
"[tensor([[   78,    91,   145,  ..., 88497,  1024,  8192]]), tensor([[1]])]",88497,1.0,49,1.0
"[tensor([[    78,     91,    145,  ..., 562688,   1024,   8192]]), tensor([[1]])]",562688,0.9130717,49,0.9130717
"[tensor([[    78,     91,    145,  ..., 423615,   1024,   8192]]), tensor([[1]])]",423615,0.93115795,49,0.92325664
"[tensor([[    78,     91,    145,  ..., 189528,   1024,   8192]]), tensor([[1]])]",189528,0.9999552,49,0.9999356
"[tensor([[    78,     91,     52,  ..., 875520,   1024,   8192]]), tensor([[1]])]",875520,0.9994091,49,0.9994091
"[tensor([[    78,     91,    145,  ..., 495616,   1024,   8192]]), tensor([[1]])]",495616,0.9863175,49,0.9863175
"[tensor([[    78,     91,    145,  ..., 782336,   1024,   8192]]), tensor([[1]])]",782336,0.9996587,49,0.9996587
"[tensor([[    78,     91,    145,  ..., 430080,   1024,   8192]]), tensor([[1]])]",430080,0.9652807,49,0.88506705
"[tensor([[     78,      91,      81,  ..., 1163834,   45056,    8192]]), tensor([[1]])]",1163834,0.9957904,49,0.9954235
"[tensor([[   78,    91,   145,  ..., 61590,  1024,  8192]]), tensor([[1]])]",61590,0.5027828,49,0.5027828
"[tensor([[    78,     91,    145,  ..., 360042,   1024,   8192]]), tensor([[1]])]",360042,1.0,49,1.0
"[tensor([[    78,     91,    145,  ..., 723968,   1024,   8192]]), tensor([[1]])]",723968,0.99999833,49,0.99999833
"[tensor([[   78,    91,   145,  ..., 62464,  1024,  8192]]), tensor([[1]])]",62464,0.9962119,49,0.9962119
"[tensor([[     78,      91,     145,  ..., 1242696,    1024,    8192]]), tensor([[1]])]",1242696,0.9069508,19,0.49536407
"[tensor([[     78,      91,     145,  ..., 1386496,    1024,    8192]]), tensor([[1]])]",1386496,0.9901902,49,0.9901902
"[tensor([[    78,     91,    145,  ..., 234496,   1024,   8192]]), tensor([[1]])]",234496,0.99998224,49,0.99998224
"[tensor([[    78,     91,    145,  ..., 912897,    512,   8192]]), tensor([[1]])]",912897,0.9999982,49,0.9999981
"[tensor([[    78,     91,    145,  ..., 306688,   1024,   8192]]), tensor([[1]])]",306688,0.99999344,49,0.99999344
"[tensor([[    78,     91,    145,  ..., 603136,   1024,   8192]]), tensor([[1]])]",603136,0.9911277,49,0.9534737
"[tensor([[    78,     91,    145,  ..., 820363,   1024,   8192]]), tensor([[1]])]",820363,0.99999034,49,0.99999034
"[tensor([[     78,      91,     145,  ..., 1155320,    1024,    8192]]), tensor([[1]])]",1155320,0.98273104,49,0.9825461
"[tensor([[   78,    91,   145,  ..., 35956,  1024,  8192]]), tensor([[1]])]",35956,0.9985121,49,0.9985121
"[tensor([[   78,    91,   145,  ..., 61440,  1024,  8192]]), tensor([[1]])]",61440,0.9735164,49,0.9679602
"[tensor([[    78,     91,     81,  ..., 507049,   1024,   8192]]), tensor([[1]])]",507049,0.9425018,49,0.9425018
"[tensor([[    78,     91,    145,  ..., 495616,   1024,   8192]]), tensor([[1]])]",495616,0.99170274,49,0.99170274
"[tensor([[    78,     91,    145,  ..., 423513,   1024,   8192]]), tensor([[1]])]",423513,0.9999844,49,0.9984957
"[tensor([[    78,     91,    145,  ..., 939521,    512,   8192]]), tensor([[1]])]",939521,0.8367221,49,0.8367221
"[tensor([[    78,     91,    145,  ..., 297432,   1024,   8192]]), tensor([[1]])]",297432,0.9998092,49,0.9998092
"[tensor([[    78,     91,     81,  ..., 382976,   1024,   8192]]), tensor([[1]])]",382976,0.7917929,49,0.7917929
"[tensor([[     78,      91,      81,  ..., 1004342,  283648,    8192]]), tensor([[1]])]",1004342,0.9999124,49,0.99985147
"[tensor([[    78,     91,    145,  ..., 430080,   1024,   8192]]), tensor([[1]])]",430080,0.99722844,49,0.99016994
"[tensor([[    78,     91,     97,  ..., 218734,   1024,   8192]]), tensor([[1]])]",218734,0.9957053,49,0.9956055
"[tensor([[    78,     91,    123,  ..., 132518,   1024,   8192]]), tensor([[1]])]",132518,1.0,49,1.0
"[tensor([[     78,      91,     145,  ..., 1336256,    1024,    8192]]), tensor([[1]])]",1336256,0.9981481,49,0.9981481
"[tensor([[    78,     91,    145,  ..., 179078,  87040,   8192]]), tensor([[1]])]",179078,1.0,49,1.0
"[tensor([[   78,    91,   145,  ..., 35116,  1024,  8192]]), tensor([[1]])]",35116,0.83261186,49,0.83261186
"[tensor([[    78,     91,    145,  ..., 421376,   1024,   8192]]), tensor([[1]])]",421376,0.9959377,49,0.9959377
"[tensor([[    78,     91,    145,  ..., 401920,    512,   8192]]), tensor([[1]])]",401920,0.99726534,49,0.99726534
"[tensor([[     78,      91,     145,  ..., 1070261,    1024,    8192]]), tensor([[1]])]",1070261,0.84942913,49,0.84942913
"[tensor([[    78,     91,     77,  ..., 326891,   1024,   8192]]), tensor([[1]])]",326891,1.0,49,1.0
"[tensor([[    78,     91,    145,  ..., 430080,   1024,   8192]]), tensor([[1]])]",430080,0.9916557,49,0.97043824
"[tensor([[    78,     91,    145,  ..., 884365,   1024,   8192]]), tensor([[1]])]",884365,0.99997425,49,0.99996483
"[tensor([[    78,     91,    145,  ..., 296664,   1024,   8192]]), tensor([[1]])]",296664,0.9999417,49,0.9999417
"[tensor([[   78,    91,   145,  ..., 42078,  1024,  8192]]), tensor([[1]])]",42078,0.98353946,49,0.98353946
"[tensor([[    78,     91,    145,  ..., 165888,   1024,   8192]]), tensor([[1]])]",165888,0.92117995,49,0.92117995
"[tensor([[     78,      91,     145,  ..., 1126912,    1024,    8192]]), tensor([[1]])]",1126912,0.99962986,49,0.99962556
"[tensor([[     78,      91,     145,  ..., 1335744,    1024,    8192]]), tensor([[1]])]",1335744,0.9970246,49,0.9970246
"[tensor([[    78,     91,    145,  ..., 468480,   1024,   8192]]), tensor([[1]])]",468480,0.9284302,49,0.9284302
"[tensor([[    78,     91,    145,  ..., 787048,    512,   8192]]), tensor([[1]])]",787048,0.99999034,49,0.9726874
"[tensor([[   78,    91,   145,  ..., 58734,  1024,  8192]]), tensor([[1]])]",58734,0.99999213,49,0.99999213
"[tensor([[   78,    91,   145,  ..., 62464,  1024,  8192]]), tensor([[1]])]",62464,0.9982552,49,0.9982552
"[tensor([[    78,     91,    145,  ..., 600576,   1024,   8192]]), tensor([[1]])]",600576,0.9948814,49,0.9948814
"[tensor([[    78,     91,    145,  ..., 569044,   1024,   8192]]), tensor([[1]])]",569044,1.0,49,1.0
"[tensor([[    78,     91,    145,  ..., 430080,   1024,   8192]]), tensor([[1]])]",430080,0.9126237,49,0.74609274
"[tensor([[   78,    91,   145,  ..., 99214,  1024,  8192]]), tensor([[1]])]",99214,0.9900519,49,0.9900519
"[tensor([[    78,     91,     57,  ..., 131496,   1024,   8192]]), tensor([[1]])]",131496,0.95676124,49,0.9563606
"[tensor([[    78,     91,    145,  ..., 461312,   1024,   8192]]), tensor([[1]])]",461312,0.96664095,49,0.8975728
"[tensor([[   78,    91,   145,  ..., 92170, 43008,  8192]]), tensor([[1]])]",92170,0.9961532,49,0.9961532
"[tensor([[    78,     91,    145,  ..., 322560,   1024,   8192]]), tensor([[1]])]",322560,0.9999877,49,0.9999877
"[tensor([[    78,     91,     97,  ..., 218591,   1024,   8192]]), tensor([[1]])]",218591,0.94250584,49,0.94250584
"[tensor([[    78,     91,     77,  ..., 326841,   1024,   8192]]), tensor([[1]])]",326841,1.0,49,1.0
"[tensor([[    78,     91,    145,  ..., 888196,   1024,   8192]]), tensor([[1]])]",888196,0.9642372,49,0.9639253
"[tensor([[    78,     91,    145,  ..., 760296,    512,   8192]]), tensor([[1]])]",760296,0.9900524,28,0.49082837
"[tensor([[     78,      91,      81,  ..., 1694266,   45056,    8192]]), tensor([[1]])]",1694266,0.9998809,49,0.9998679
"[tensor([[   78,    91,   145,  ..., 86888,  1024,  8192]]), tensor([[1]])]",86888,0.9996921,25,0.45909452
"[tensor([[    78,     91,    145,  ..., 530504,   1024,   8192]]), tensor([[1]])]",530504,0.9971009,49,0.9260233
"[tensor([[     78,      91,     145,  ..., 1679895,    1024,    8192]]), tensor([[1]])]",1679895,0.99851996,49,0.99851996
"[tensor([[     78,      91,     145,  ..., 1336256,    1024,    8192]]), tensor([[1]])]",1336256,0.99242485,49,0.99242485
"[tensor([[    78,     91,    145,  ..., 735716,   1024,   8192]]), tensor([[1]])]",735716,0.99967504,49,0.99967504
"[tensor([[    78,     91,     81,  ..., 846166,  45056,   8192]]), tensor([[1]])]",846166,0.85902655,49,0.85902655
"[tensor([[    78,     91,    145,  ..., 979952,   1024,   8192]]), tensor([[1]])]",979952,0.99998176,49,0.99998176
"[tensor([[     78,      91,     145,  ..., 1336256,    1024,    8192]]), tensor([[1]])]",1336256,0.9996747,49,0.9996747
"[tensor([[    78,     91,    145,  ..., 430080,   1024,   8192]]), tensor([[1]])]",430080,0.9973788,49,0.99073225
"[tensor([[    78,     91,    145,  ..., 211525,   1024,   8192]]), tensor([[1]])]",211525,1.0,49,1.0
"[tensor([[     78,      91,      81,  ..., 1521416,    1024,    8192]]), tensor([[1]])]",1521416,0.96254,49,0.9613915
"[tensor([[    78,     91,    145,  ..., 326902,   1024,   8192]]), tensor([[1]])]",326902,1.0,49,1.0
"[tensor([[     78,      91,     145,  ..., 1335744,    1024,    8192]]), tensor([[1]])]",1335744,0.99890053,49,0.99890053
"[tensor([[     78,      91,      81,  ..., 1621562,   45056,    8192]]), tensor([[1]])]",1621562,1.0,49,1.0
"[tensor([[    78,     91,     81,  ..., 322560,   1024,   8192]]), tensor([[1]])]",322560,0.9763182,49,0.9763182
"[tensor([[    78,     91,    145,  ..., 430080,   1024,   8192]]), tensor([[1]])]",430080,0.973043,49,0.90620273
"[tensor([[   78,    91,   145,  ..., 90147,  1024,  8192]]), tensor([[1]])]",90147,0.97494406,49,0.97494406
"[tensor([[    78,     91,    145,  ..., 142973,   1024,   8192]]), tensor([[1]])]",142973,0.99965525,49,0.99965525
"[tensor([[     78,      91,     145,  ..., 1335744,    1024,    8192]]), tensor([[1]])]",1335744,0.9991622,49,0.9991622
