"[tensor([[     78,      91,     145,  ..., 1536956,    1024,    8192]]), tensor([[1]])]",1536956,0.99998355,49,0.9999373
"[tensor([[   78,    91,   145,  ..., 95780,  1024,  8192]]), tensor([[1]])]",95780,1.0,49,1.0
"[tensor([[   78,    91,   145,  ..., 55296,  1024,  8192]]), tensor([[1]])]",55296,0.9991161,49,0.812919
"[tensor([[    78,     91,    145,  ..., 363520,   1024,   8192]]), tensor([[1]])]",363520,0.998616,34,0.48076424
"[tensor([[    78,     91,    145,  ..., 549376,   1024,   8192]]), tensor([[1]])]",549376,0.99997604,49,0.9991014
"[tensor([[    78,     91,     81,  ..., 477184,   1024,   8192]]), tensor([[1]])]",477184,0.76414293,6,0.4616937
"[tensor([[   78,    91,   145,  ..., 73792,  1024,  8192]]), tensor([[1]])]",73792,0.9107781,6,0.45684138
"[tensor([[    78,     91,    145,  ..., 432128,   1024,   8192]]), tensor([[1]])]",432128,0.9818002,14,0.47828424
"[tensor([[     78,      91,     145,  ..., 1296357,    1024,    8192]]), tensor([[1]])]",1296357,0.9999856,49,0.99993384
"[tensor([[     78,      91,     145,  ..., 1772549,    1024,    8192]]), tensor([[1]])]",1772549,0.99999285,49,0.99812955
"[tensor([[    78,     91,    145,  ..., 961832,   1024,   8192]]), tensor([[1]])]",961832,0.884043,7,0.4821417
"[tensor([[   78,    91,   129,  ..., 70656,   512,  8192]]), tensor([[1]])]",70656,0.99998224,49,0.993793
"[tensor([[     78,      91,     145,  ..., 1155320,    1024,    8192]]), tensor([[1]])]",1155320,0.9736221,25,0.47864327
"[tensor([[   78,    91,   145,  ..., 49682,  1024,  8192]]), tensor([[1]])]",49682,0.9995784,22,0.49948615
"[tensor([[    78,     91,    145,  ..., 454404,   1024,   8192]]), tensor([[1]])]",454404,0.98754764,49,0.7874491
"[tensor([[   78,    91,   145,  ..., 58178,  1024,  8192]]), tensor([[1]])]",58178,0.9673172,10,0.4915649
"[tensor([[    78,     91,    145,  ..., 743424,   1024,   8192]]), tensor([[1]])]",743424,0.7944476,5,0.44473436
"[tensor([[     78,      91,     145,  ..., 1016721,    1024,    8192]]), tensor([[1]])]",1016721,0.99708265,49,0.731831
"[tensor([[    78,     91,    145,  ..., 188369,   1024,   8192]]), tensor([[1]])]",188369,0.99992025,49,0.5019927
"[tensor([[    78,     91,    145,  ..., 188830,   1024,   8192]]), tensor([[1]])]",188830,0.791825,5,0.4641192
"[tensor([[   78,    91,   145,  ..., 62464,  1024,  8192]]), tensor([[1]])]",62464,0.9931062,20,0.47856802
"[tensor([[    78,     91,    145,  ..., 507189, 158208,   8192]]), tensor([[1]])]",507189,0.9999999,49,0.99999416
"[tensor([[     78,      91,     145,  ..., 1164800,    1024,    8192]]), tensor([[1]])]",1164800,0.9147584,10,0.4561033
"[tensor([[    78,     91,    145,  ..., 430080,   1024,   8192]]), tensor([[1]])]",430080,0.91054344,6,0.4728835
"[tensor([[     78,      91,      81,  ..., 1180319,    1024,    8192]]), tensor([[1]])]",1180319,0.9953531,49,0.9672144
"[tensor([[     78,      91,     145,  ..., 1142784,    1024,    8192]]), tensor([[1]])]",1142784,0.99327636,19,0.47643933
"[tensor([[     78,      91,     145,  ..., 1572395,    1024,    8192]]), tensor([[1]])]",1572395,1.0,49,1.0
"[tensor([[    78,     91,    145,  ..., 430080,   1024,   8192]]), tensor([[1]])]",430080,0.97127455,12,0.47213227
"[tensor([[   78,    91,   145,  ..., 43788,  1024,  8192]]), tensor([[1]])]",43788,0.9839048,6,0.426702
"[tensor([[    78,     91,    145,  ..., 430080,   1024,   8192]]), tensor([[1]])]",430080,0.9337561,8,0.44023022
"[tensor([[    78,     91,    145,  ..., 172032,  49152,   8192]]), tensor([[1]])]",172032,0.95782244,12,0.4800877
"[tensor([[   78,    91,   145,  ..., 96271,   512,  8192]]), tensor([[1]])]",96271,0.9999813,49,0.9970099
"[tensor([[   78,    91,   145,  ..., 51676,  1024,  8192]]), tensor([[1]])]",51676,0.9981945,31,0.49829093
"[tensor([[    78,     91,    145,  ..., 477662,   1024,   8192]]), tensor([[1]])]",477662,0.9999969,49,0.99997854
"[tensor([[    78,     91,    145,  ..., 755454,   1024,   8192]]), tensor([[1]])]",755454,0.9999902,49,0.999984
"[tensor([[    78,     91,    145,  ..., 432128,   1024,   8192]]), tensor([[1]])]",432128,0.89271367,6,0.44053668
"[tensor([[    78,     91,    145,  ..., 251240,   1024,   8192]]), tensor([[1]])]",251240,1.0,49,1.0
"[tensor([[    78,     91,    145,  ..., 471040,   1024,   8192]]), tensor([[1]])]",471040,0.95895344,40,0.49977526
"[tensor([[    78,     91,     81,  ..., 461312,    512,   8192]]), tensor([[1]])]",461312,0.99979633,49,0.91485286
"[tensor([[    78,     91,    145,  ..., 603136,   1024,   8192]]), tensor([[1]])]",603136,0.9768927,14,0.4816923
"[tensor([[    78,     91,    145,  ..., 203924,   1024,   8192]]), tensor([[1]])]",203924,1.0,49,1.0
"[tensor([[   78,    91,   145,  ..., 49314,  1024,  8192]]), tensor([[1]])]",49314,0.9999542,49,0.989503
"[tensor([[    78,     91,    145,  ..., 430080,   1024,   8192]]), tensor([[1]])]",430080,0.94237864,8,0.4548522
"[tensor([[    78,     91,    145,  ..., 976152,   1024,   8192]]), tensor([[1]])]",976152,0.9999982,49,0.986405
"[tensor([[    78,     91,    145,  ..., 430080,   1024,   8192]]), tensor([[1]])]",430080,0.9160485,6,0.4826849
"[tensor([[    78,     91,    145,  ..., 172544,   1024,   8192]]), tensor([[1]])]",172544,0.9997482,26,0.43370548
"[tensor([[    78,     91,     81,  ..., 340992,   1024,   8192]]), tensor([[1]])]",340992,0.9898567,49,0.9248062
"[tensor([[   78,    91,   145,  ..., 68960,  1024,  8192]]), tensor([[1]])]",68960,0.9859022,34,0.49888918
"[tensor([[    78,     91,     81,  ..., 401871,  45056,   8192]]), tensor([[1]])]",401871,0.59387106,1,0.4989832
"[tensor([[     78,      91,     145,  ..., 1089776,    1024,    8192]]), tensor([[1]])]",1089776,0.99997973,49,0.8909839
"[tensor([[    78,     91,     81,  ..., 327680,   1024,   8192]]), tensor([[1]])]",327680,0.83406675,8,0.48424023
"[tensor([[     78,      91,      81,  ..., 1771862,   45056,    8192]]), tensor([[1]])]",1771862,0.99852693,49,0.9973055
"[tensor([[    78,     91,    145,  ..., 340250,   1024,   8192]]), tensor([[1]])]",340250,1.0,49,1.0
"[tensor([[    78,     91,    145,  ..., 211593,   1024,   8192]]), tensor([[1]])]",211593,1.0,49,1.0
"[tensor([[    78,     91,    145,  ..., 430080,   1024,   8192]]), tensor([[1]])]",430080,0.8414505,4,0.48708755
"[tensor([[     78,      91,     145,  ..., 1452190,    1024,    8192]]), tensor([[1]])]",1452190,1.0,49,1.0
"[tensor([[    78,     91,    145,  ..., 674261,   1024,   8192]]), tensor([[1]])]",674261,0.9194033,13,0.47667453
"[tensor([[    78,     91,    145,  ..., 419202,   1024,   8192]]), tensor([[1]])]",419202,0.96445125,49,0.5109153
"[tensor([[   78,    91,   145,  ..., 51980,  1024,  8192]]), tensor([[1]])]",51980,0.9986021,49,0.9278676
"[tensor([[     78,      91,     145,  ..., 1228288,    1024,    8192]]), tensor([[1]])]",1228288,0.9992329,49,0.9943223
"[tensor([[    78,     91,    145,  ..., 340892,   1024,   8192]]), tensor([[1]])]",340892,1.0,49,1.0
"[tensor([[   78,    91,   145,  ..., 60427,   512,  8192]]), tensor([[1]])]",60427,0.999954,49,0.98995715
"[tensor([[    78,     91,    145,  ..., 100376,   1024,   8192]]), tensor([[1]])]",100376,0.9912943,49,0.51396185
"[tensor([[    78,     91,    145,  ..., 391956,   1024,   8192]]), tensor([[1]])]",391956,0.85608315,14,0.48158672
"[tensor([[    78,     91,    145,  ..., 760296,    512,   8192]]), tensor([[1]])]",760296,0.99605066,14,0.43098816
"[tensor([[   78,    91,   145,  ..., 62670,  1024,  8192]]), tensor([[1]])]",62670,0.99998724,49,0.97325045
"[tensor([[     78,      91,     145,  ..., 1494523,     512,    8192]]), tensor([[1]])]",1494523,0.99999976,49,0.9999887
"[tensor([[    78,     91,    145,  ..., 430080,   1024,   8192]]), tensor([[1]])]",430080,0.96986806,12,0.47596312
"[tensor([[    78,     91,    145,  ..., 192521,   1024,   8192]]), tensor([[1]])]",192521,0.99500173,14,0.40694886
"[tensor([[    78,     91,    145,  ..., 613888,   1024,   8192]]), tensor([[1]])]",613888,0.99960035,49,0.9894187
"[tensor([[    78,     91,    123,  ..., 423761,   1024,   8192]]), tensor([[1]])]",423761,1.0,49,1.0
"[tensor([[     78,      91,     145,  ..., 1572225,    1024,    8192]]), tensor([[1]])]",1572225,0.8954452,4,0.47305042
"[tensor([[    78,     91,    145,  ..., 186888,   1024,   8192]]), tensor([[1]])]",186888,0.9981633,49,0.7627078
"[tensor([[    78,     91,    145,  ..., 161792,   1024,   8192]]), tensor([[1]])]",161792,0.9996804,49,0.78185904
"[tensor([[    78,     91,     61,  ..., 358714,   1536,   8192]]), tensor([[1]])]",358714,1.0,49,1.0
"[tensor([[     78,      91,     145,  ..., 1174016,    1024,    8192]]), tensor([[1]])]",1174016,0.92213786,33,0.49566483
"[tensor([[    78,     91,    145,  ..., 430080,   1024,   8192]]), tensor([[1]])]",430080,0.96499777,10,0.46841416
"[tensor([[    78,     91,    145,  ..., 324684,   1024,   8192]]), tensor([[1]])]",324684,1.0,49,1.0
"[tensor([[    78,     91,    145,  ..., 430080,   1024,   8192]]), tensor([[1]])]",430080,0.9384571,7,0.48903483
"[tensor([[    78,     91,    145,  ..., 340996,   1024,   8192]]), tensor([[1]])]",340996,0.9653947,20,0.49017525
"[tensor([[     78,      91,     145,  ..., 1155320,    1024,    8192]]), tensor([[1]])]",1155320,0.97454166,14,0.4760464
"[tensor([[    78,     91,    145,  ..., 423954,   1024,   8192]]), tensor([[1]])]",423954,0.9999907,31,0.4691843
"[tensor([[    78,     91,    145,  ..., 969208,    512,   8192]]), tensor([[1]])]",969208,0.7996235,3,0.45076716
"[tensor([[   78,    91,   145,  ..., 48844,  1024,  8192]]), tensor([[1]])]",48844,0.98992586,49,0.80015117
"[tensor([[     78,      91,     145,  ..., 1155320,    1024,    8192]]), tensor([[1]])]",1155320,0.9318032,16,0.4724322
"[tensor([[    78,     91,    145,  ..., 632832,   1024,   8192]]), tensor([[1]])]",632832,0.9968837,48,0.49908733
"[tensor([[   78,    91,   145,  ..., 96288,  1024,  8192]]), tensor([[1]])]",96288,0.97191745,49,0.5198209
"[tensor([[    78,     91,    145,  ..., 317461,   1024,   8192]]), tensor([[1]])]",317461,1.0,49,1.0
"[tensor([[   78,    91,   145,  ..., 62464,  1024,  8192]]), tensor([[1]])]",62464,0.98355895,6,0.4752943
"[tensor([[     78,      91,     145,  ..., 1156088,    1024,    8192]]), tensor([[1]])]",1156088,0.99833256,49,0.99121714
"[tensor([[   78,    91,   145,  ..., 72704,  1024,  8192]]), tensor([[1]])]",72704,0.9785048,7,0.45039177
"[tensor([[    78,     91,    145,  ..., 430080,   1024,   8192]]), tensor([[1]])]",430080,0.9667012,10,0.4844858
"[tensor([[     78,      91,      81,  ..., 1453022,    1024,    8192]]), tensor([[1]])]",1453022,0.9999635,27,0.45433122
"[tensor([[    78,     91,    145,  ..., 949976,   1024,   8192]]), tensor([[1]])]",949976,0.89824593,4,0.43026614
"[tensor([[   78,    91,   145,  ..., 62464,  1024,  8192]]), tensor([[1]])]",62464,0.9984017,11,0.47078124
"[tensor([[    78,     91,    145,  ..., 486121,    512,   8192]]), tensor([[1]])]",486121,0.997391,49,0.88656014
"[tensor([[     78,      91,     145,  ..., 1342663,    1024,    8192]]), tensor([[1]])]",1342663,0.9582663,9,0.45835236
"[tensor([[    78,     91,    145,  ..., 326852,   1024,   8192]]), tensor([[1]])]",326852,0.9999999,49,0.9999994
"[tensor([[    78,     91,    145,  ..., 296736,   1024,   8192]]), tensor([[1]])]",296736,0.99944025,49,0.9932493
"[tensor([[    78,     91,     97,  ..., 218539,   1024,   8192]]), tensor([[1]])]",218539,0.9672684,27,0.4569448
"[tensor([[   78,    91,   145,  ..., 46592,  1024,  8192]]), tensor([[1]])]",46592,0.7744395,4,0.4961646
"[tensor([[    78,     91,    145,  ..., 236702,   1024,   8192]]), tensor([[1]])]",236702,1.0,49,1.0
"[tensor([[     78,      91,      81,  ..., 1666936,    1024,    8192]]), tensor([[1]])]",1666936,0.65023553,28,0.49945557
"[tensor([[    78,     91,    145,  ..., 939521,    512,   8192]]), tensor([[1]])]",939521,0.9378044,6,0.45142093
"[tensor([[    78,     91,    145,  ..., 430814,   1024,   8192]]), tensor([[1]])]",430814,0.9981351,49,0.96546316
"[tensor([[    78,     91,    145,  ..., 143432,   1024,   8192]]), tensor([[1]])]",143432,0.9978491,49,0.9327878
"[tensor([[    78,     91,    145,  ..., 102131,   1024,   8192]]), tensor([[1]])]",102131,0.97473747,8,0.45694226
"[tensor([[     78,      91,     145,  ..., 1155320,    1024,    8192]]), tensor([[1]])]",1155320,0.78257126,5,0.46099702
"[tensor([[     78,      91,     145,  ..., 1407094,     512,    8192]]), tensor([[1]])]",1407094,0.99990845,49,0.9969393
"[tensor([[    78,     91,     81,  ..., 959546,  45056,   8192]]), tensor([[1]])]",959546,0.9999485,49,0.9998185
"[tensor([[   78,    91,   145,  ..., 55094,  1024,  8192]]), tensor([[1]])]",55094,0.9965299,49,0.65073144
"[tensor([[    78,     91,    145,  ..., 995841,    512,   8192]]), tensor([[1]])]",995841,0.99910384,49,0.88551056
"[tensor([[     78,      91,     145,  ..., 1346991,    1024,    8192]]), tensor([[1]])]",1346991,1.0,49,1.0
"[tensor([[    78,     91,    145,  ..., 334704,   1024,   8192]]), tensor([[1]])]",334704,0.97474366,46,0.49701852
"[tensor([[   78,    91,   145,  ..., 96288,  1024,  8192]]), tensor([[1]])]",96288,0.9833852,49,0.6542032
"[tensor([[    78,     91,    145,  ..., 723968,   1024,   8192]]), tensor([[1]])]",723968,0.9999994,49,0.9999039
"[tensor([[     78,      91,     145,  ..., 1065741,    1024,    8192]]), tensor([[1]])]",1065741,0.99999976,49,0.99999845
"[tensor([[    78,     91,     81,  ..., 847178,  45056,   8192]]), tensor([[1]])]",847178,0.9999989,49,0.9999963
"[tensor([[    78,     91,     81,  ..., 816016,   1024,   8192]]), tensor([[1]])]",816016,0.98261684,49,0.95119256
"[tensor([[    78,     91,    145,  ..., 475136,   1024,   8192]]), tensor([[1]])]",475136,0.97322613,14,0.48022854
"[tensor([[    78,     91,    145,  ..., 543232,   1024,   8192]]), tensor([[1]])]",543232,0.99931836,49,0.97332925
"[tensor([[    78,     91,    145,  ..., 995841,    512,   8192]]), tensor([[1]])]",995841,0.9998853,49,0.98487943
"[tensor([[    78,     91,     97,  ..., 218876,   1024,   8192]]), tensor([[1]])]",218876,0.91654503,22,0.4727468
"[tensor([[   78,    91,   105,  ..., 85290,  1024,  8192]]), tensor([[1]])]",85290,0.99949,49,0.97928417
"[tensor([[    78,     91,    145,  ..., 428784,   1024,   8192]]), tensor([[1]])]",428784,0.71679103,5,0.48286763
"[tensor([[     78,      91,      81,  ..., 1045479,  304128,    8192]]), tensor([[1]])]",1045479,0.99999964,49,0.99938965
"[tensor([[    78,     91,    145,  ..., 963073,    512,   8192]]), tensor([[1]])]",963073,0.9999981,49,0.99996066
"[tensor([[    78,     91,     81,  ..., 562119,   1024,   8192]]), tensor([[1]])]",562119,0.99996865,49,0.9829959
"[tensor([[    78,     91,    145,  ..., 455364,   1024,   8192]]), tensor([[1]])]",455364,0.97336745,49,0.6520018
"[tensor([[    78,     91,    145,  ..., 296672,   1024,   8192]]), tensor([[1]])]",296672,0.99928826,49,0.9939505
"[tensor([[    78,     91,     81,  ..., 392704,   1024,   8192]]), tensor([[1]])]",392704,0.9250948,9,0.49399313
"[tensor([[     78,      91,     145,  ..., 1344007,    1024,    8192]]), tensor([[1]])]",1344007,0.99745446,49,0.99675107
"[tensor([[    78,     91,    145,  ..., 921858,   1024,   8192]]), tensor([[1]])]",921858,0.9924368,22,0.47768003
"[tensor([[   78,    91,   145,  ..., 40056,  1024,  8192]]), tensor([[1]])]",40056,0.99710566,49,0.56932
"[tensor([[     78,      91,      81,  ..., 1180252,    1024,    8192]]), tensor([[1]])]",1180252,0.9966092,49,0.97589225
"[tensor([[     78,      91,     145,  ..., 1273344,    1024,    8192]]), tensor([[1]])]",1273344,0.7381084,2,0.4438073
"[tensor([[     78,      91,      81,  ..., 1758038,   45056,    8192]]), tensor([[1]])]",1758038,0.999765,49,0.99953306
"[tensor([[    78,     91,    145,  ..., 432374,   1024,   8192]]), tensor([[1]])]",432374,0.9942795,49,0.89034593
"[tensor([[    78,     91,    145,  ..., 468829,    512,   8192]]), tensor([[1]])]",468829,0.939573,17,0.49082044
"[tensor([[     78,      91,     145,  ..., 1407094,     512,    8192]]), tensor([[1]])]",1407094,0.99991214,49,0.9968568
"[tensor([[    78,     91,    145,  ..., 191368,   1024,   8192]]), tensor([[1]])]",191368,0.9572813,49,0.5905622
"[tensor([[   78,    91,   145,  ..., 49656,  1024,  8192]]), tensor([[1]])]",49656,0.9986821,20,0.48203176
"[tensor([[   78,    91,   145,  ..., 53283,  1024,  8192]]), tensor([[1]])]",53283,0.9849785,49,0.6199705
"[tensor([[    78,     91,     81,  ..., 719725, 304128,   8192]]), tensor([[1]])]",719725,0.9999993,49,0.997584
"[tensor([[     78,      91,     145,  ..., 1238359,    1024,    8192]]), tensor([[1]])]",1238359,0.99884605,49,0.9975115
"[tensor([[    78,     91,    145,  ..., 115528,   1024,   8192]]), tensor([[1]])]",115528,0.9995173,12,0.38367996
"[tensor([[    78,     91,     81,  ..., 655599,   1024,   8192]]), tensor([[1]])]",655599,0.96122724,5,0.39557806
"[tensor([[    78,     91,    145,  ..., 375808,   1024,   8192]]), tensor([[1]])]",375808,0.99906486,13,0.42510083
"[tensor([[    78,     91,    145,  ..., 430080,   1024,   8192]]), tensor([[1]])]",430080,0.97311586,13,0.4691486
"[tensor([[     78,      91,     145,  ..., 1117453,    1024,    8192]]), tensor([[1]])]",1117453,0.96776384,9,0.47062087
"[tensor([[    78,     91,    145,  ..., 495620,   1024,   8192]]), tensor([[1]])]",495620,0.95806015,15,0.4825534
"[tensor([[     78,      91,       3,  ..., 1425656,    1024,    8192]]), tensor([[1]])]",1425656,0.9801978,48,0.48028392
"[tensor([[   78,    91,    70,  ..., 94286,  1024,  8192]]), tensor([[1]])]",94286,0.9450975,49,0.7582445
"[tensor([[     78,      91,     145,  ..., 1122304,    1024,    8192]]), tensor([[1]])]",1122304,0.9901882,49,0.63383245
"[tensor([[    78,     91,    145,  ..., 142650,   1024,   8192]]), tensor([[1]])]",142650,1.0,49,1.0
"[tensor([[   78,    91,   145,  ..., 54671,  1024,  8192]]), tensor([[1]])]",54671,0.9998925,35,0.48211077
"[tensor([[    78,     91,    145,  ..., 901634,   1024,   8192]]), tensor([[1]])]",901634,0.99927837,49,0.9991873
"[tensor([[    78,     91,    145,  ..., 430080,   1024,   8192]]), tensor([[1]])]",430080,0.9742623,11,0.49153334
"[tensor([[    78,     91,     81,  ..., 461824,   1024,   8192]]), tensor([[1]])]",461824,0.71324575,4,0.4905731
"[tensor([[    78,     91,    145,  ..., 640605,   1024,   8192]]), tensor([[1]])]",640605,1.0,49,1.0
"[tensor([[    78,     91,    145,  ..., 153110,   1024,   8192]]), tensor([[1]])]",153110,0.99988866,49,0.8467043
"[tensor([[     78,      91,     145,  ..., 1049089,     512,    8192]]), tensor([[1]])]",1049089,0.9999995,49,0.99998987
"[tensor([[    78,     91,    145,  ..., 105472,   1024,   8192]]), tensor([[1]])]",105472,0.99171,21,0.45886865
"[tensor([[    78,     91,    145,  ..., 439808,   1024,   8192]]), tensor([[1]])]",439808,0.9979133,49,0.60976064
"[tensor([[    78,     91,    123,  ..., 423761,   1024,   8192]]), tensor([[1]])]",423761,1.0,49,1.0
"[tensor([[     78,      91,     145,  ..., 1041352,    1024,    8192]]), tensor([[1]])]",1041352,0.97587,23,0.49665335
"[tensor([[    78,     91,     81,  ..., 299142,   1024,   8192]]), tensor([[1]])]",299142,0.8782292,20,0.49760598
"[tensor([[    78,     91,    145,  ..., 548988,   1024,   8192]]), tensor([[1]])]",548988,0.9999474,49,0.9347583
"[tensor([[   78,    91,   145,  ..., 84992,  1024,  8192]]), tensor([[1]])]",84992,0.99073327,32,0.48925284
"[tensor([[    78,     91,    145,  ..., 822928,   1024,   8192]]), tensor([[1]])]",822928,0.9997018,41,0.48458335
"[tensor([[    78,     91,    145,  ..., 545240,   1024,   8192]]), tensor([[1]])]",545240,0.999897,49,0.9926368
"[tensor([[   78,    91,   145,  ..., 48650,  1024,  8192]]), tensor([[1]])]",48650,0.998214,49,0.7542969
"[tensor([[    78,     91,    145,  ..., 456192,   1024,   8192]]), tensor([[1]])]",456192,0.99873716,49,0.9634301
"[tensor([[    78,     91,    145,  ..., 258048,   1024,   8192]]), tensor([[1]])]",258048,0.999956,20,0.40951166
"[tensor([[    78,     91,    145,  ..., 307336,   1024,   8192]]), tensor([[1]])]",307336,0.61707854,1,0.42645726
"[tensor([[    78,     91,    145,  ..., 432128,   1024,   8192]]), tensor([[1]])]",432128,0.9825226,14,0.49232918
"[tensor([[    78,     91,    145,  ..., 430080,   1024,   8192]]), tensor([[1]])]",430080,0.980375,13,0.4869427
"[tensor([[    78,     91,    145,  ..., 430080,   1024,   8192]]), tensor([[1]])]",430080,0.99043816,19,0.4773727
"[tensor([[    78,     91,    145,  ..., 942069,   1024,   8192]]), tensor([[1]])]",942069,0.9999691,49,0.9999231
"[tensor([[   78,    91,   145,  ..., 95741,  1024,  8192]]), tensor([[1]])]",95741,0.9999547,49,0.9977239
"[tensor([[   78,    91,   129,  ..., 49880,   512,  8192]]), tensor([[1]])]",49880,0.9982893,23,0.4821216
"[tensor([[    78,     91,    145,  ..., 133970,   1024,   8192]]), tensor([[1]])]",133970,0.9982705,22,0.44868463
"[tensor([[    78,     91,    145,  ..., 355898,   1024,   8192]]), tensor([[1]])]",355898,1.0,49,1.0
"[tensor([[     78,      91,     145,  ..., 1547776,     512,    8192]]), tensor([[1]])]",1547776,0.9996586,49,0.9906136
"[tensor([[    78,     91,    145,  ..., 943564,   1024,   8192]]), tensor([[1]])]",943564,0.99998665,49,0.99960357
"[tensor([[    78,     91,    145,  ..., 430080,   1024,   8192]]), tensor([[1]])]",430080,0.99567825,29,0.4833245
"[tensor([[     78,      91,     145,  ..., 1155320,    1024,    8192]]), tensor([[1]])]",1155320,0.9943808,21,0.47058
"[tensor([[    78,     91,    145,  ..., 227910,   1024,   8192]]), tensor([[1]])]",227910,0.9999999,49,0.9999964
"[tensor([[    78,     91,     97,  ..., 218487,   1024,   8192]]), tensor([[1]])]",218487,0.9788336,15,0.47130698
"[tensor([[    78,     91,    145,  ..., 384937,   1024,   8192]]), tensor([[1]])]",384937,1.0,49,1.0
"[tensor([[    78,     91,    145,  ..., 364434,   1024,   8192]]), tensor([[1]])]",364434,0.99974495,49,0.99091923
"[tensor([[     78,      91,     145,  ..., 1155320,    1024,    8192]]), tensor([[1]])]",1155320,0.55505216,0,0.49697158
"[tensor([[    78,     91,    145,  ..., 734753, 545792,   8192]]), tensor([[1]])]",734753,0.9999963,44,0.4700296
"[tensor([[    78,     91,    145,  ..., 720736,   1024,   8192]]), tensor([[1]])]",720736,0.99998116,49,0.9983386
"[tensor([[    78,     91,    145,  ..., 430080,   1024,   8192]]), tensor([[1]])]",430080,0.99353105,22,0.49988654
"[tensor([[    78,     91,    145,  ..., 432128,   1024,   8192]]), tensor([[1]])]",432128,0.8957736,6,0.41734126
"[tensor([[    78,     91,    145,  ..., 735744,   1024,   8192]]), tensor([[1]])]",735744,0.9962458,49,0.62349856
"[tensor([[   78,    91,   145,  ..., 44520,  1024,  8192]]), tensor([[1]])]",44520,0.69399136,1,0.44979146
"[tensor([[    78,     91,    145,  ..., 430080,   1024,   8192]]), tensor([[1]])]",430080,0.99115074,24,0.49029827
"[tensor([[    78,     91,     81,  ..., 649612, 349184,   8192]]), tensor([[1]])]",649612,0.99998724,49,0.9999765
"[tensor([[     78,      91,     145,  ..., 1335744,    1024,    8192]]), tensor([[1]])]",1335744,0.99946195,49,0.98571557
"[tensor([[    78,     91,    145,  ..., 321006,   1024,   8192]]), tensor([[1]])]",321006,1.0,49,1.0
"[tensor([[    78,     91,    145,  ..., 430080,   1024,   8192]]), tensor([[1]])]",430080,0.9634938,10,0.46252364
"[tensor([[    78,     91,    145,  ..., 786432,   1024,   8192]]), tensor([[1]])]",786432,0.9999541,49,0.9324415
"[tensor([[     78,      91,     145,  ..., 1335744,    1024,    8192]]), tensor([[1]])]",1335744,0.9899815,49,0.80764866
"[tensor([[    78,     91,     81,  ..., 449024,   1024,   8192]]), tensor([[1]])]",449024,0.96680933,49,0.81326175
"[tensor([[    78,     91,    145,  ..., 563712,   1024,   8192]]), tensor([[1]])]",563712,0.9894253,31,0.49113163
"[tensor([[     78,      91,     145,  ..., 1292106,    1024,    8192]]), tensor([[1]])]",1292106,1.0,49,1.0
"[tensor([[    78,     91,    145,  ..., 417222,   1024,   8192]]), tensor([[1]])]",417222,0.9877545,49,0.7623479
"[tensor([[    78,     91,    145,  ..., 787080,    512,   8192]]), tensor([[1]])]",787080,0.99999905,49,0.99772066
"[tensor([[    78,     91,     81,  ..., 882176,   1024,   8192]]), tensor([[1]])]",882176,0.8365545,4,0.4878885
"[tensor([[    78,     91,    145,  ..., 430080,   1024,   8192]]), tensor([[1]])]",430080,0.98499274,15,0.4861597
"[tensor([[     78,      91,     145,  ..., 1122304,    1024,    8192]]), tensor([[1]])]",1122304,0.9989243,49,0.9464161
"[tensor([[    78,     91,    145,  ..., 632832,   1024,   8192]]), tensor([[1]])]",632832,0.99731475,49,0.5844853
"[tensor([[     78,      91,      81,  ..., 1008751,  283648,    8192]]), tensor([[1]])]",1008751,0.999962,49,0.99992347
"[tensor([[    78,     91,    145,  ..., 442742,    512,   8192]]), tensor([[1]])]",442742,0.9980988,49,0.96136475
"[tensor([[     78,      91,     145,  ..., 1164800,    1024,    8192]]), tensor([[1]])]",1164800,0.95536065,16,0.48918352
"[tensor([[    78,     91,    145,  ..., 603320,   1024,   8192]]), tensor([[1]])]",603320,0.5774076,2,0.476345
"[tensor([[   78,    91,   145,  ..., 69112,  1024,  8192]]), tensor([[1]])]",69112,1.0,49,1.0
"[tensor([[    78,     91,    145,  ..., 142386,   1024,   8192]]), tensor([[1]])]",142386,1.0,49,1.0
"[tensor([[    78,     91,    145,  ..., 548939,   1024,   8192]]), tensor([[1]])]",548939,0.99999845,49,0.9999151
"[tensor([[     78,      91,      81,  ..., 1455206,   45056,    8192]]), tensor([[1]])]",1455206,0.9998241,49,0.99965155
"[tensor([[     78,      91,      81,  ..., 1150010,   45056,    8192]]), tensor([[1]])]",1150010,0.9999198,49,0.999734
"[tensor([[     78,      91,     145,  ..., 1316444,    1024,    8192]]), tensor([[1]])]",1316444,1.0,49,1.0
"[tensor([[     78,      91,     145,  ..., 1336256,    1024,    8192]]), tensor([[1]])]",1336256,0.99859136,34,0.49711224
"[tensor([[    78,     91,    145,  ..., 159631,   1024,   8192]]), tensor([[1]])]",159631,0.99968433,19,0.44909933
"[tensor([[    78,     91,    145,  ..., 297472,   1024,   8192]]), tensor([[1]])]",297472,0.9996393,33,0.4937593
"[tensor([[    78,     91,     97,  ..., 218435,   1024,   8192]]), tensor([[1]])]",218435,0.9993692,33,0.42538068
"[tensor([[     78,      91,     145,  ..., 1076174,     512,    8192]]), tensor([[1]])]",1076174,0.9991284,49,0.9756309
"[tensor([[    78,     91,     97,  ..., 218799,   1024,   8192]]), tensor([[1]])]",218799,0.8894681,17,0.49311998
"[tensor([[    78,     91,     70,  ..., 121466,   1024,   8192]]), tensor([[1]])]",121466,0.9757154,37,0.45272624
"[tensor([[    78,     91,    145,  ..., 430080,   1024,   8192]]), tensor([[1]])]",430080,0.99240863,20,0.49789235
"[tensor([[    78,     91,    145,  ..., 297392,   1024,   8192]]), tensor([[1]])]",297392,0.9995266,49,0.85596853
"[tensor([[     78,      91,     145,  ..., 1087517,    1024,    8192]]), tensor([[1]])]",1087517,1.0,49,1.0
"[tensor([[    78,     91,     81,  ..., 694784,   1024,   8192]]), tensor([[1]])]",694784,0.9965837,49,0.98384964
"[tensor([[     78,      91,     145,  ..., 1335744,    1024,    8192]]), tensor([[1]])]",1335744,0.99900705,49,0.9746241
"[tensor([[     78,      91,     145,  ..., 1762964,    1024,    8192]]), tensor([[1]])]",1762964,1.0,49,1.0
"[tensor([[     78,      91,     145,  ..., 1155320,    1024,    8192]]), tensor([[1]])]",1155320,0.8777273,11,0.4878819
"[tensor([[     78,      91,     145,  ..., 1808898,     512,    8192]]), tensor([[1]])]",1808898,0.9999988,49,0.99998784
"[tensor([[   78,    91,   145,  ..., 46276,  1024,  8192]]), tensor([[1]])]",46276,0.99952054,49,0.9363017
"[tensor([[    78,     91,     81,  ..., 625521,   1024,   8192]]), tensor([[1]])]",625521,0.9999993,49,0.9999988
"[tensor([[    78,     91,     73,  ..., 130260,   1024,   8192]]), tensor([[1]])]",130260,0.99901533,31,0.44911733
"[tensor([[    78,     91,    145,  ..., 150654,    512,   8192]]), tensor([[1]])]",150654,1.0,49,1.0
"[tensor([[     78,      91,      81,  ..., 1753430,   45056,    8192]]), tensor([[1]])]",1753430,0.99955374,49,0.999159
"[tensor([[     78,      91,      81,  ..., 1598806,   45056,    8192]]), tensor([[1]])]",1598806,0.94365066,49,0.8848641
"[tensor([[     78,      91,     145,  ..., 1155320,    1024,    8192]]), tensor([[1]])]",1155320,0.87050813,6,0.44873148
"[tensor([[    78,     91,    145,  ..., 958465,    512,   8192]]), tensor([[1]])]",958465,0.9999981,49,0.99991643
"[tensor([[    78,     91,     81,  ..., 792872,  45056,   8192]]), tensor([[1]])]",792872,0.98878866,49,0.9578126
"[tensor([[   78,    91,   145,  ..., 92160,   512,  8192]]), tensor([[1]])]",92160,0.9998903,49,0.9930795
"[tensor([[     78,      91,      81,  ..., 1664000,    1024,    8192]]), tensor([[1]])]",1664000,0.86326903,49,0.64560395
"[tensor([[   78,    91,   145,  ..., 81442, 29696,  8192]]), tensor([[1]])]",81442,0.9972682,49,0.58569777
"[tensor([[    78,     91,    145,  ..., 704052,   1024,   8192]]), tensor([[1]])]",704052,0.9970233,49,0.93510354
"[tensor([[     78,      91,     145,  ..., 1475741,    1024,    8192]]), tensor([[1]])]",1475741,1.0,49,1.0
"[tensor([[    78,     91,     81,  ..., 594432,   1024,   8192]]), tensor([[1]])]",594432,0.9982451,49,0.98689634
"[tensor([[    78,     91,    145,  ..., 329216,   1024,   8192]]), tensor([[1]])]",329216,0.97046936,11,0.49786004
"[tensor([[    78,     91,    145,  ..., 419840,   1024,   8192]]), tensor([[1]])]",419840,0.9965664,49,0.7875967
"[tensor([[    78,     91,    145,  ..., 455144,   1024,   8192]]), tensor([[1]])]",455144,0.99728215,49,0.94487727
"[tensor([[    78,     91,    145,  ..., 354304,    512,   8192]]), tensor([[1]])]",354304,0.9999465,49,0.99842346
"[tensor([[     78,      91,     145,  ..., 1122304,    1024,    8192]]), tensor([[1]])]",1122304,0.98390156,49,0.5096854
"[tensor([[     78,      91,     145,  ..., 1855035,    1024,    8192]]), tensor([[1]])]",1855035,0.99999905,49,0.99999785
"[tensor([[    78,     91,    145,  ..., 400384,    512,   8192]]), tensor([[1]])]",400384,0.99776745,49,0.85094887
"[tensor([[     78,      91,     145,  ..., 1529344,    1024,    8192]]), tensor([[1]])]",1529344,0.99999344,49,0.9991947
"[tensor([[     78,      91,     145,  ..., 1498878,    1024,    8192]]), tensor([[1]])]",1498878,0.9999012,49,0.99965787
"[tensor([[     78,      91,     145,  ..., 1056768,    1024,    8192]]), tensor([[1]])]",1056768,0.99932194,49,0.95663023
"[tensor([[    78,     91,    145,  ..., 819200,   1024,   8192]]), tensor([[1]])]",819200,0.86856395,12,0.4939552
"[tensor([[     78,      91,     145,  ..., 1122304,    1024,    8192]]), tensor([[1]])]",1122304,0.996579,49,0.8420552
"[tensor([[    78,     91,    145,  ..., 297472,   1024,   8192]]), tensor([[1]])]",297472,0.9999893,49,0.9999157
"[tensor([[    78,     91,    145,  ..., 430080,   1024,   8192]]), tensor([[1]])]",430080,0.9827587,14,0.48900113
"[tensor([[    78,     91,     97,  ..., 218474,   1024,   8192]]), tensor([[1]])]",218474,0.9859034,31,0.45760834
"[tensor([[    78,     91,    145,  ..., 237568, 135168,   8192]]), tensor([[1]])]",237568,0.99888915,49,0.9704506
"[tensor([[     78,      91,     145,  ..., 1072309,    1024,    8192]]), tensor([[1]])]",1072309,0.9999951,49,0.99878174
"[tensor([[    78,     91,     50,  ..., 461312,   1024,   8192]]), tensor([[1]])]",461312,0.98867595,49,0.9637853
"[tensor([[     78,      91,     145,  ..., 1771008,    1024,    8192]]), tensor([[1]])]",1771008,0.81478375,9,0.48405382
"[tensor([[     78,      91,      81,  ..., 1145402,   45056,    8192]]), tensor([[1]])]",1145402,0.9634234,49,0.8678402
"[tensor([[    78,     91,    145,  ..., 160768,   1024,   8192]]), tensor([[1]])]",160768,0.9999628,49,0.62189895
"[tensor([[    78,     91,    145,  ..., 454584,   1024,   8192]]), tensor([[1]])]",454584,0.9998324,49,0.98865384
"[tensor([[    78,     91,     75,  ..., 325308,   1024,   8192]]), tensor([[1]])]",325308,0.99285406,37,0.49820456
"[tensor([[     78,      91,     145,  ..., 1255424,    1024,    8192]]), tensor([[1]])]",1255424,0.9999924,45,0.4746192
"[tensor([[    78,     91,    145,  ..., 305664,   1024,   8192]]), tensor([[1]])]",305664,0.9944022,22,0.4553532
"[tensor([[    78,     91,    145,  ..., 506368,   1024,   8192]]), tensor([[1]])]",506368,0.7373894,11,0.4814715
"[tensor([[    78,     91,    145,  ..., 679968,   1024,   8192]]), tensor([[1]])]",679968,0.9910025,27,0.49937922
"[tensor([[    78,     91,    145,  ..., 749896,   1024,   8192]]), tensor([[1]])]",749896,0.86688906,8,0.4937941
"[tensor([[    78,     91,     81,  ..., 221827,   1024,   8192]]), tensor([[1]])]",221827,0.995741,49,0.9636133
"[tensor([[    78,     91,    145,  ..., 830448,    512,   8192]]), tensor([[1]])]",830448,0.9999366,49,0.9989266
"[tensor([[    78,     91,    145,  ..., 707073,    512,   8192]]), tensor([[1]])]",707073,0.94807947,30,0.49877432
"[tensor([[   78,    91,   145,  ..., 94712, 43008,  8192]]), tensor([[1]])]",94712,0.99960417,28,0.4853239
"[tensor([[    78,     91,    145,  ..., 143165,  66048,   8192]]), tensor([[1]])]",143165,0.80834144,3,0.4432847
"[tensor([[    78,     91,    145,  ..., 385648,   1024,   8192]]), tensor([[1]])]",385648,0.92353225,9,0.45573592
"[tensor([[   78,    91,   145,  ..., 66129,  1024,  8192]]), tensor([[1]])]",66129,0.9999865,43,0.48627153
"[tensor([[    78,     91,    145,  ..., 117668,   1024,   8192]]), tensor([[1]])]",117668,0.9999448,18,0.48180446
"[tensor([[   78,    91,   145,  ..., 82653,   512,  8192]]), tensor([[1]])]",82653,0.9999634,49,0.98091817
"[tensor([[     78,      91,     145,  ..., 1399296,     512,    8192]]), tensor([[1]])]",1399296,0.99872583,49,0.9479935
"[tensor([[    78,     91,    145,  ..., 296704,   1024,   8192]]), tensor([[1]])]",296704,0.99931455,49,0.9935726
"[tensor([[    78,     91,    145,  ..., 454994,   1024,   8192]]), tensor([[1]])]",454994,0.99515945,30,0.4913101
"[tensor([[     78,      91,     145,  ..., 1335744,    1024,    8192]]), tensor([[1]])]",1335744,0.9882649,49,0.7596275
"[tensor([[     78,      91,     145,  ..., 1174016,    1024,    8192]]), tensor([[1]])]",1174016,0.9909157,49,0.8511158
"[tensor([[    78,     91,    145,  ..., 354304,   1024,   8192]]), tensor([[1]])]",354304,0.98983824,49,0.7665738
"[tensor([[    78,     91,     97,  ..., 218773,   1024,   8192]]), tensor([[1]])]",218773,0.9929056,24,0.4790756
"[tensor([[    78,     91,    145,  ..., 346154,   1024,   8192]]), tensor([[1]])]",346154,0.9999988,49,0.99982136
"[tensor([[     78,      91,     145,  ..., 1140722,    1024,    8192]]), tensor([[1]])]",1140722,0.9999635,49,0.99987257
"[tensor([[    78,     91,     81,  ..., 322560,   1024,   8192]]), tensor([[1]])]",322560,0.8844348,49,0.63139576
"[tensor([[    78,     91,    145,  ..., 573952,    512,   8192]]), tensor([[1]])]",573952,0.9965934,49,0.9928605
"[tensor([[   78,    91,   145,  ..., 49628,  1024,  8192]]), tensor([[1]])]",49628,0.99910647,22,0.47160172
"[tensor([[     78,      91,     145,  ..., 1172992,    1024,    8192]]), tensor([[1]])]",1172992,0.9588269,9,0.49663287
"[tensor([[     78,      91,     145,  ..., 1468929,     512,    8192]]), tensor([[1]])]",1468929,0.7624516,5,0.48810643
"[tensor([[    78,     91,    145,  ..., 296720,   1024,   8192]]), tensor([[1]])]",296720,0.9997911,49,0.997682
"[tensor([[    78,     91,    145,  ..., 430080,   1024,   8192]]), tensor([[1]])]",430080,0.96769476,11,0.4559648
"[tensor([[     78,      91,     145,  ..., 1752576,    1024,    8192]]), tensor([[1]])]",1752576,0.9949734,10,0.4749106
"[tensor([[     78,      91,     145,  ..., 1220840,    1024,    8192]]), tensor([[1]])]",1220840,0.8026947,5,0.45118973
"[tensor([[    78,     91,    145,  ..., 495616,   1024,   8192]]), tensor([[1]])]",495616,0.9229835,10,0.47231716
"[tensor([[    78,     91,    145,  ..., 423516,   1024,   8192]]), tensor([[1]])]",423516,0.999972,24,0.48308608
"[tensor([[    78,     91,    145,  ..., 216576,   1024,   8192]]), tensor([[1]])]",216576,0.999828,49,0.9838028
"[tensor([[     78,      91,     145,  ..., 1164800,    1024,    8192]]), tensor([[1]])]",1164800,0.851803,7,0.45144713
"[tensor([[    78,     91,    145,  ..., 430080,   1024,   8192]]), tensor([[1]])]",430080,0.9906155,18,0.4896975
"[tensor([[    78,     91,    145,  ..., 613888,   1024,   8192]]), tensor([[1]])]",613888,0.99752146,49,0.9309721
"[tensor([[    78,     91,    145,  ..., 459268,   1024,   8192]]), tensor([[1]])]",459268,0.99999464,49,0.9935916
"[tensor([[   78,    91,   145,  ..., 61440,  1024,  8192]]), tensor([[1]])]",61440,0.95594126,11,0.46372032
"[tensor([[    78,     91,    145,  ..., 687616,   1024,   8192]]), tensor([[1]])]",687616,0.9968221,35,0.48285043
"[tensor([[    78,     91,    145,  ..., 543232,   1024,   8192]]), tensor([[1]])]",543232,0.9999114,49,0.9965713
"[tensor([[    78,     91,    145,  ..., 227914,   1024,   8192]]), tensor([[1]])]",227914,0.99999976,49,0.99999523
"[tensor([[    78,     91,    145,  ..., 607871,   1024,   8192]]), tensor([[1]])]",607871,0.9992537,49,0.6975968
"[tensor([[     78,      91,     145,  ..., 1604988,    1024,    8192]]), tensor([[1]])]",1604988,1.0,49,1.0
"[tensor([[    78,     91,     81,  ..., 781824,   1024,   8192]]), tensor([[1]])]",781824,0.99997413,49,0.99982625
"[tensor([[    78,     91,    123,  ..., 149806,   1024,   8192]]), tensor([[1]])]",149806,1.0,49,1.0
"[tensor([[    78,     91,    145,  ..., 370495,   1024,   8192]]), tensor([[1]])]",370495,0.9999975,49,0.9996505
"[tensor([[    78,     91,    145,  ..., 246272,   1024,   8192]]), tensor([[1]])]",246272,0.99999416,49,0.99574476
"[tensor([[    78,     91,    145,  ..., 269488,   1024,   8192]]), tensor([[1]])]",269488,0.96527207,7,0.43962464
"[tensor([[    78,     91,    145,  ..., 296600,   1024,   8192]]), tensor([[1]])]",296600,0.9995315,49,0.99571544
"[tensor([[    78,     91,    145,  ..., 620926,    512,   8192]]), tensor([[1]])]",620926,0.99132967,49,0.8592315
"[tensor([[   78,    91,   145,  ..., 92672,   512,  8192]]), tensor([[1]])]",92672,0.99976736,49,0.94751406
"[tensor([[    78,     91,    145,  ..., 347648,   1024,   8192]]), tensor([[1]])]",347648,0.96578306,19,0.47825763
"[tensor([[   78,    91,    34,  ..., 63941,  1024,  8192]]), tensor([[1]])]",63941,0.9942299,49,0.63697696
"[tensor([[    78,     91,    145,  ..., 936475,   1024,   8192]]), tensor([[1]])]",936475,0.99814224,49,0.59328026
"[tensor([[   78,    91,    12,  ..., 57326,  1024,  8192]]), tensor([[1]])]",57326,0.9770603,49,0.6388947
"[tensor([[     78,      91,     145,  ..., 1164800,    1024,    8192]]), tensor([[1]])]",1164800,0.8898777,8,0.45733446
"[tensor([[    78,     91,    145,  ..., 432128,   1024,   8192]]), tensor([[1]])]",432128,0.9917488,20,0.48835713
"[tensor([[     78,      91,     145,  ..., 1242696,    1024,    8192]]), tensor([[1]])]",1242696,0.79803824,7,0.49406528
"[tensor([[     78,      91,     145,  ..., 1155320,    1024,    8192]]), tensor([[1]])]",1155320,0.94580483,10,0.46778923
"[tensor([[    78,     91,    145,  ..., 202463,   1024,   8192]]), tensor([[1]])]",202463,0.93004304,13,0.49345925
"[tensor([[     78,      91,     145,  ..., 1869824,    1024,    8192]]), tensor([[1]])]",1869824,0.938509,17,0.47737277
"[tensor([[    78,     91,    145,  ..., 430080,   1024,   8192]]), tensor([[1]])]",430080,0.97713053,13,0.46144706
"[tensor([[    78,     91,    145,  ..., 528080,   1024,   8192]]), tensor([[1]])]",528080,0.9054482,49,0.74194103
"[tensor([[     78,      91,     145,  ..., 1335744,    1024,    8192]]), tensor([[1]])]",1335744,0.9971143,49,0.92968506
"[tensor([[    78,     91,    145,  ..., 327102,   1024,   8192]]), tensor([[1]])]",327102,1.0,49,1.0
"[tensor([[    78,     91,    145,  ..., 498977,   1024,   8192]]), tensor([[1]])]",498977,0.9479098,8,0.47814518
"[tensor([[    78,     91,    145,  ..., 430080,   1024,   8192]]), tensor([[1]])]",430080,0.9847193,14,0.49830943
"[tensor([[    78,     91,    145,  ..., 563712,   1024,   8192]]), tensor([[1]])]",563712,0.9852823,20,0.49500358
"[tensor([[    78,     91,    145,  ..., 390256,   1024,   8192]]), tensor([[1]])]",390256,0.6326305,1,0.4107767
"[tensor([[   78,    91,   145,  ..., 91599, 41472,  8192]]), tensor([[1]])]",91599,0.97263545,24,0.49006927
"[tensor([[    78,     91,    145,  ..., 424068,   1024,   8192]]), tensor([[1]])]",424068,0.9999814,26,0.44218665
"[tensor([[   78,    91,   145,  ..., 83352,   512,  8192]]), tensor([[1]])]",83352,0.9613744,19,0.48581043
"[tensor([[    78,     91,    145,  ..., 260608,   1024,   8192]]), tensor([[1]])]",260608,0.9465803,8,0.47351432
"[tensor([[    78,     91,     81,  ..., 791863, 304128,   8192]]), tensor([[1]])]",791863,0.9999995,49,0.9926299
"[tensor([[    78,     91,     97,  ..., 218825,   1024,   8192]]), tensor([[1]])]",218825,0.9923062,20,0.46841332
"[tensor([[    78,     91,    105,  ..., 453437,    512,   8192]]), tensor([[1]])]",453437,0.9978756,49,0.9978756
"[tensor([[     78,      91,     145,  ..., 1335744,    1024,    8192]]), tensor([[1]])]",1335744,0.9976096,49,0.93967813
"[tensor([[    78,     91,    145,  ..., 723968,   1024,   8192]]), tensor([[1]])]",723968,0.99999964,49,0.9999416
"[tensor([[    78,     91,     73,  ..., 130351,   1024,   8192]]), tensor([[1]])]",130351,0.99907047,31,0.47223675
"[tensor([[   78,    91,   145,  ..., 44078,  1024,  8192]]), tensor([[1]])]",44078,0.913671,14,0.49515203
"[tensor([[     78,      91,     145,  ..., 1164800,    1024,    8192]]), tensor([[1]])]",1164800,0.9234001,49,0.67292666
"[tensor([[     78,      91,     145,  ..., 1338885,    1024,    8192]]), tensor([[1]])]",1338885,0.81592786,5,0.46859983
"[tensor([[    78,     91,    145,  ..., 150028,    512,   8192]]), tensor([[1]])]",150028,1.0,49,1.0
"[tensor([[     78,      91,     145,  ..., 1155320,    1024,    8192]]), tensor([[1]])]",1155320,0.85420364,5,0.46043196
"[tensor([[    78,     91,    145,  ..., 861184,    512,   8192]]), tensor([[1]])]",861184,0.7413587,4,0.46707493
"[tensor([[    78,     91,    145,  ..., 460800,   1024,   8192]]), tensor([[1]])]",460800,0.9954932,49,0.8895091
"[tensor([[    78,     91,    145,  ..., 430080,   1024,   8192]]), tensor([[1]])]",430080,0.9834331,15,0.48477396
"[tensor([[    78,     91,    145,  ..., 569044,   1024,   8192]]), tensor([[1]])]",569044,1.0,49,1.0
"[tensor([[    78,     91,    145,  ..., 240952,   1024,   8192]]), tensor([[1]])]",240952,0.99999607,49,0.99132746
"[tensor([[    78,     91,     97,  ..., 218981,   1024,   8192]]), tensor([[1]])]",218981,0.9895028,31,0.48963547
"[tensor([[    78,     91,    145,  ..., 226313,   1024,   8192]]), tensor([[1]])]",226313,0.8818199,10,0.47566354
"[tensor([[     78,      91,     145,  ..., 1157270,    1024,    8192]]), tensor([[1]])]",1157270,1.0,49,1.0
"[tensor([[    78,     91,     97,  ..., 218448,   1024,   8192]]), tensor([[1]])]",218448,0.93967867,12,0.4918113
"[tensor([[   78,    91,   145,  ..., 34286,  1024,  8192]]), tensor([[1]])]",34286,0.9110572,6,0.4575983
"[tensor([[   78,    91,   145,  ..., 94104,   512,  8192]]), tensor([[1]])]",94104,0.99981457,49,0.958201
"[tensor([[    78,     91,    145,  ..., 613376,   1024,   8192]]), tensor([[1]])]",613376,0.99919325,49,0.97747874
"[tensor([[    78,     91,    145,  ..., 668160,   1024,   8192]]), tensor([[1]])]",668160,0.9999852,49,0.9965077
"[tensor([[    78,     91,     81,  ..., 766302,   1024,   8192]]), tensor([[1]])]",766302,1.0,49,1.0
"[tensor([[     78,      91,     145,  ..., 1990145,     512,    8192]]), tensor([[1]])]",1990145,0.99999917,49,0.9999577
"[tensor([[   78,    91,   145,  ..., 46234,  1024,  8192]]), tensor([[1]])]",46234,0.9949037,49,0.5425521
"[tensor([[     78,      91,     145,  ..., 1335744,    1024,    8192]]), tensor([[1]])]",1335744,0.9971951,49,0.92899704
"[tensor([[     78,      91,      81,  ..., 1934112,    1024,    8192]]), tensor([[1]])]",1934112,0.9594677,49,0.76856697
"[tensor([[     78,      91,      81,  ..., 1696616,    1024,    8192]]), tensor([[1]])]",1696616,0.99538344,49,0.9884012
"[tensor([[    78,     91,    145,  ..., 861696,    512,   8192]]), tensor([[1]])]",861696,0.8850957,8,0.4536471
"[tensor([[     78,      91,      81,  ..., 1256448,    1024,    8192]]), tensor([[1]])]",1256448,1.0,49,1.0
"[tensor([[    78,     91,    145,  ..., 297424,   1024,   8192]]), tensor([[1]])]",297424,0.99883634,49,0.9871984
"[tensor([[    78,     91,    145,  ..., 320211,   1024,   8192]]), tensor([[1]])]",320211,1.0,49,1.0
"[tensor([[    78,     91,    145,  ..., 572303,    512,   8192]]), tensor([[1]])]",572303,0.9856054,49,0.85131115
"[tensor([[    78,     91,    145,  ..., 448000,   1024,   8192]]), tensor([[1]])]",448000,0.99451965,49,0.5629493
"[tensor([[     78,      91,     145,  ..., 1155320,    1024,    8192]]), tensor([[1]])]",1155320,0.9874709,17,0.48897934
"[tensor([[    78,     91,    145,  ..., 421376,   1024,   8192]]), tensor([[1]])]",421376,0.9989267,49,0.8650534
"[tensor([[    78,     91,     97,  ..., 218578,   1024,   8192]]), tensor([[1]])]",218578,0.95269835,24,0.45836434
"[tensor([[    78,     91,    145,  ..., 266240,   1024,   8192]]), tensor([[1]])]",266240,0.9077192,6,0.48546192
"[tensor([[     78,      91,      81,  ..., 1034749,  304128,    8192]]), tensor([[1]])]",1034749,1.0,49,1.0
"[tensor([[    78,     91,     97,  ..., 218786,   1024,   8192]]), tensor([[1]])]",218786,0.9058554,22,0.45881444
"[tensor([[     78,      91,     145,  ..., 1201641,    1024,    8192]]), tensor([[1]])]",1201641,0.99997187,49,0.9052061
"[tensor([[    78,     91,    145,  ..., 430080,   1024,   8192]]), tensor([[1]])]",430080,0.84043324,4,0.47794697
"[tensor([[    78,     91,    145,  ..., 430080,   1024,   8192]]), tensor([[1]])]",430080,0.958143,9,0.4622225
"[tensor([[   78,    91,   145,  ..., 83581,  1024,  8192]]), tensor([[1]])]",83581,1.0,49,1.0
"[tensor([[    78,     91,    145,  ..., 723968,   1024,   8192]]), tensor([[1]])]",723968,0.9999987,27,0.4339513
"[tensor([[    78,     91,    145,  ..., 874926,   1024,   8192]]), tensor([[1]])]",874926,0.919584,10,0.4635721
"[tensor([[    78,     91,    145,  ..., 189222,   1024,   8192]]), tensor([[1]])]",189222,0.99205726,49,0.9908195
"[tensor([[     78,      91,     145,  ..., 1155320,    1024,    8192]]), tensor([[1]])]",1155320,0.9764124,15,0.4562089
"[tensor([[    78,     91,    145,  ..., 430974,   1024,   8192]]), tensor([[1]])]",430974,0.9926466,49,0.872837
"[tensor([[    78,     91,    145,  ..., 296672,   1024,   8192]]), tensor([[1]])]",296672,0.9995351,49,0.99438757
"[tensor([[    78,     91,    145,  ..., 296720,   1024,   8192]]), tensor([[1]])]",296720,0.9999541,49,0.9996897
"[tensor([[    78,     91,     81,  ..., 887808,   1024,   8192]]), tensor([[1]])]",887808,1.0,49,1.0
"[tensor([[    78,     91,    145,  ..., 382640,   1024,   8192]]), tensor([[1]])]",382640,0.9496728,13,0.49828258
"[tensor([[    78,     91,    145,  ..., 637440,    512,   8192]]), tensor([[1]])]",637440,0.71592396,1,0.49853048
"[tensor([[    78,     91,    145,  ..., 964304,   1024,   8192]]), tensor([[1]])]",964304,0.9925976,49,0.7181097
"[tensor([[     78,      91,     145,  ..., 1335744,    1024,    8192]]), tensor([[1]])]",1335744,0.999223,47,0.4806617
"[tensor([[    78,     91,    145,  ..., 220716,   1024,   8192]]), tensor([[1]])]",220716,0.9999993,49,0.99999297
"[tensor([[    78,     91,    145,  ..., 130222,   1024,   8192]]), tensor([[1]])]",130222,1.0,49,1.0
"[tensor([[    78,     91,    145,  ..., 296728,   1024,   8192]]), tensor([[1]])]",296728,0.99989784,49,0.9989737
"[tensor([[    78,     91,    145,  ..., 421142,   1024,   8192]]), tensor([[1]])]",421142,0.96527606,16,0.497481
"[tensor([[   78,    91,   145,  ..., 45440,  1024,  8192]]), tensor([[1]])]",45440,0.99436015,17,0.46952873
"[tensor([[    78,     91,    145,  ..., 304752,   1024,   8192]]), tensor([[1]])]",304752,0.98881525,11,0.48429972
"[tensor([[    78,     91,    145,  ..., 354304,    512,   8192]]), tensor([[1]])]",354304,0.99984443,49,0.60584223
"[tensor([[    78,     91,    145,  ..., 963940,   1024,   8192]]), tensor([[1]])]",963940,0.999866,49,0.96852463
"[tensor([[    78,     91,    145,  ..., 368696,   1024,   8192]]), tensor([[1]])]",368696,0.99997187,49,0.92952293
"[tensor([[     78,      91,     145,  ..., 1335744,    1024,    8192]]), tensor([[1]])]",1335744,0.99804354,49,0.95042706
"[tensor([[   78,    91,   145,  ..., 45574,  1024,  8192]]), tensor([[1]])]",45574,0.9996283,49,0.9186295
"[tensor([[     78,      91,      81,  ..., 1180183,    1024,    8192]]), tensor([[1]])]",1180183,0.989907,49,0.9310752
"[tensor([[    78,     91,    145,  ..., 430080,   1024,   8192]]), tensor([[1]])]",430080,0.9914214,19,0.49045184
"[tensor([[    78,     91,    145,  ..., 587776,   1024,   8192]]), tensor([[1]])]",587776,0.9998852,39,0.46496755
"[tensor([[   78,    91,   145,  ..., 62464,  1024,  8192]]), tensor([[1]])]",62464,0.9993856,14,0.44511473
"[tensor([[     78,      91,     145,  ..., 1298106,     512,    8192]]), tensor([[1]])]",1298106,0.9999989,49,0.99999845
"[tensor([[    78,     91,    145,  ..., 912897,    512,   8192]]), tensor([[1]])]",912897,0.9999989,49,0.99995124
"[tensor([[     78,      91,     145,  ..., 1969664,    1024,    8192]]), tensor([[1]])]",1969664,0.930463,15,0.4984187
"[tensor([[   78,    91,   145,  ..., 60427,   512,  8192]]), tensor([[1]])]",60427,0.9999392,49,0.98852146
"[tensor([[     78,      91,      81,  ..., 1180271,    1024,    8192]]), tensor([[1]])]",1180271,0.9948841,49,0.9703245
"[tensor([[    78,     91,    145,  ..., 895512,   1024,   8192]]), tensor([[1]])]",895512,0.98574924,24,0.4869195
"[tensor([[     78,      91,     145,  ..., 1155320,    1024,    8192]]), tensor([[1]])]",1155320,0.9317342,9,0.46778694
"[tensor([[    78,     91,    145,  ..., 787173,   1024,   8192]]), tensor([[1]])]",787173,1.0,49,1.0
"[tensor([[    78,     91,    145,  ..., 416256,   1024,   8192]]), tensor([[1]])]",416256,0.97622275,49,0.5964999
"[tensor([[    78,     91,    145,  ..., 102275,   1024,   8192]]), tensor([[1]])]",102275,0.99801826,18,0.47637412
"[tensor([[    78,     91,    145,  ..., 425984,   1024,   8192]]), tensor([[1]])]",425984,0.93388635,6,0.44751194
"[tensor([[    78,     91,    145,  ..., 729248,   1024,   8192]]), tensor([[1]])]",729248,0.9996598,24,0.48732182
"[tensor([[    78,     91,    145,  ..., 325120,   1024,   8192]]), tensor([[1]])]",325120,0.986134,49,0.7446493
"[tensor([[    78,     91,    145,  ..., 287232,   1024,   8192]]), tensor([[1]])]",287232,0.99998283,49,0.98669493
"[tensor([[    78,     91,     97,  ..., 218422,   1024,   8192]]), tensor([[1]])]",218422,0.95689625,23,0.45384306
"[tensor([[    78,     91,    145,  ..., 804864,   1024,   8192]]), tensor([[1]])]",804864,0.9999982,49,0.99972254
"[tensor([[    78,     91,    145,  ..., 156672,   1024,   8192]]), tensor([[1]])]",156672,0.99984133,49,0.98766637
"[tensor([[     78,      91,     145,  ..., 1155320,    1024,    8192]]), tensor([[1]])]",1155320,0.9501387,10,0.47640285
"[tensor([[    78,     91,    145,  ..., 129155,   1024,   8192]]), tensor([[1]])]",129155,0.9999999,49,0.9999989
"[tensor([[    78,     91,     81,  ..., 809353, 304128,   8192]]), tensor([[1]])]",809353,0.99999976,49,0.99843496
"[tensor([[    78,     91,     97,  ..., 218890,   1024,   8192]]), tensor([[1]])]",218890,0.9616175,25,0.47745883
"[tensor([[    78,     91,    145,  ..., 450264,   1024,   8192]]), tensor([[1]])]",450264,0.97689295,19,0.47902194
"[tensor([[     78,      91,      81,  ..., 1461818,   45056,    8192]]), tensor([[1]])]",1461818,0.9999918,49,0.99997115
"[tensor([[     78,      91,      81,  ..., 1469672,    1024,    8192]]), tensor([[1]])]",1469672,0.97968197,49,0.92425287
"[tensor([[    78,     91,    145,  ..., 133138,   1024,   8192]]), tensor([[1]])]",133138,0.9983619,23,0.49630237
"[tensor([[     78,      91,     145,  ..., 1231872,    1024,    8192]]), tensor([[1]])]",1231872,0.9859218,49,0.9174736
"[tensor([[    78,     91,    145,  ..., 732160,    512,   8192]]), tensor([[1]])]",732160,0.9860454,49,0.57097495
"[tensor([[    78,     91,    145,  ..., 495620,   1024,   8192]]), tensor([[1]])]",495620,0.9865046,20,0.48688602
"[tensor([[     78,      91,     145,  ..., 1155320,    1024,    8192]]), tensor([[1]])]",1155320,0.9741517,24,0.48724496
"[tensor([[     78,      91,     145,  ..., 1969664,    1024,    8192]]), tensor([[1]])]",1969664,0.8693137,10,0.47347116
"[tensor([[    78,     91,    145,  ..., 788810,   1024,   8192]]), tensor([[1]])]",788810,0.9997758,49,0.99528295
"[tensor([[   78,    91,   145,  ..., 75038, 29696,  8192]]), tensor([[1]])]",75038,0.9999052,49,0.9716784
"[tensor([[   78,    91,   145,  ..., 49698,  1024,  8192]]), tensor([[1]])]",49698,0.99946445,29,0.4983371
"[tensor([[     78,      91,     145,  ..., 1145430,    1024,    8192]]), tensor([[1]])]",1145430,0.9999863,49,0.9977724
"[tensor([[     78,      91,     145,  ..., 1335280,    1024,    8192]]), tensor([[1]])]",1335280,0.9553048,49,0.5411928
"[tensor([[    78,     91,    145,  ..., 455664,   1024,   8192]]), tensor([[1]])]",455664,0.9874149,22,0.4802546
"[tensor([[    78,     91,    145,  ..., 297472,   1024,   8192]]), tensor([[1]])]",297472,0.99992466,34,0.48593965
"[tensor([[     78,      91,     145,  ..., 1807877,    1024,    8192]]), tensor([[1]])]",1807877,0.99965227,49,0.98250234
"[tensor([[    78,     91,    145,  ..., 723968,   1024,   8192]]), tensor([[1]])]",723968,0.9999982,49,0.9997391
"[tensor([[    78,     91,     81,  ..., 284882,   1024,   8192]]), tensor([[1]])]",284882,0.9999114,49,0.9845228
"[tensor([[    78,     91,    123,  ..., 132568,   1024,   8192]]), tensor([[1]])]",132568,1.0,49,1.0
"[tensor([[    78,     91,    145,  ..., 430080,   1024,   8192]]), tensor([[1]])]",430080,0.95895344,10,0.47618997
"[tensor([[    78,     91,    145,  ..., 629249,    512,   8192]]), tensor([[1]])]",629249,0.99996734,49,0.9990042
"[tensor([[   78,    91,   145,  ..., 50687,  1024,  8192]]), tensor([[1]])]",50687,0.9970709,49,0.9191597
"[tensor([[    78,     91,     81,  ..., 342016,  45056,   8192]]), tensor([[1]])]",342016,0.99886924,49,0.9449798
"[tensor([[    78,     91,    145,  ..., 375808,   1024,   8192]]), tensor([[1]])]",375808,0.99648225,49,0.593092
"[tensor([[     78,      91,     145,  ..., 1155832,    1024,    8192]]), tensor([[1]])]",1155832,0.9844275,49,0.8798
"[tensor([[    78,     91,    145,  ..., 296696,   1024,   8192]]), tensor([[1]])]",296696,0.9995766,49,0.99515414
"[tensor([[    78,     91,    145,  ..., 430080,   1024,   8192]]), tensor([[1]])]",430080,0.99755293,35,0.4896642
"[tensor([[     78,      91,      81,  ..., 1052672,   45056,    8192]]), tensor([[1]])]",1052672,0.9997447,49,0.99943274
"[tensor([[    78,     91,    145,  ..., 591629,   1024,   8192]]), tensor([[1]])]",591629,0.9999994,49,0.9999958
"[tensor([[    78,     91,    145,  ..., 240640,   1024,   8192]]), tensor([[1]])]",240640,0.8104368,3,0.47429198
"[tensor([[   78,    91,   145,  ..., 61440,  1024,  8192]]), tensor([[1]])]",61440,0.99774534,49,0.5766567
"[tensor([[   78,    91,   145,  ..., 65432,   512,  8192]]), tensor([[1]])]",65432,0.5725418,0,0.47458366
"[tensor([[    78,     91,    145,  ..., 382776,   1024,   8192]]), tensor([[1]])]",382776,0.97933185,20,0.46739656
"[tensor([[     78,      91,     145,  ..., 1221120,    1024,    8192]]), tensor([[1]])]",1221120,0.99997485,49,0.99729544
"[tensor([[    78,     91,    145,  ..., 297336,   1024,   8192]]), tensor([[1]])]",297336,0.99995434,49,0.99975353
"[tensor([[     78,      91,     145,  ..., 1242696,    1024,    8192]]), tensor([[1]])]",1242696,0.75785995,3,0.4500222
"[tensor([[     78,      91,     145,  ..., 1335744,    1024,    8192]]), tensor([[1]])]",1335744,0.99900633,49,0.97315794
"[tensor([[    78,     91,    145,  ..., 472440, 130048,   8192]]), tensor([[1]])]",472440,0.9033559,13,0.47645977
"[tensor([[    78,     91,    145,  ..., 495620,   1024,   8192]]), tensor([[1]])]",495620,0.97201025,16,0.49563298
"[tensor([[    78,     91,    145,  ..., 432128,   1024,   8192]]), tensor([[1]])]",432128,0.9212043,7,0.44562364
"[tensor([[    78,     91,    145,  ..., 826881,    512,   8192]]), tensor([[1]])]",826881,0.9997849,49,0.98623127
"[tensor([[   78,    91,   145,  ..., 62464,  1024,  8192]]), tensor([[1]])]",62464,0.9999113,49,0.8748807
"[tensor([[   78,    91,   145,  ..., 46876,  1024,  8192]]), tensor([[1]])]",46876,0.99769527,25,0.49811172
"[tensor([[    78,     91,    145,  ..., 430080,   1024,   8192]]), tensor([[1]])]",430080,0.99225825,20,0.4996491
"[tensor([[     78,      91,     145,  ..., 1137152,    1024,    8192]]), tensor([[1]])]",1137152,0.9976532,49,0.9766202
"[tensor([[     78,      91,      81,  ..., 1933384,    1024,    8192]]), tensor([[1]])]",1933384,0.807476,49,0.807476
"[tensor([[    78,     91,    145,  ..., 430080,   1024,   8192]]), tensor([[1]])]",430080,0.9921463,21,0.4891449
"[tensor([[    78,     91,    145,  ..., 179002,  87040,   8192]]), tensor([[1]])]",179002,1.0,49,1.0
"[tensor([[   78,    91,   145,  ..., 92590,  1024,  8192]]), tensor([[1]])]",92590,0.99981827,26,0.4712341
"[tensor([[    78,     91,    145,  ..., 468480,   1024,   8192]]), tensor([[1]])]",468480,0.9999472,49,0.9816219
"[tensor([[    78,     91,    145,  ..., 296736,   1024,   8192]]), tensor([[1]])]",296736,0.999846,49,0.99825126
"[tensor([[    78,     91,     97,  ..., 218461,   1024,   8192]]), tensor([[1]])]",218461,0.992454,21,0.49591187
"[tensor([[    78,     91,    145,  ..., 547328,   1024,   8192]]), tensor([[1]])]",547328,0.92878854,49,0.5242819
"[tensor([[   78,    91,   145,  ..., 36346,   512,  8192]]), tensor([[1]])]",36346,0.986361,16,0.4679779
"[tensor([[    78,     91,     81,  ..., 990778,  45056,   8192]]), tensor([[1]])]",990778,0.9982796,49,0.99413955
"[tensor([[     78,      91,     145,  ..., 1126912,    1024,    8192]]), tensor([[1]])]",1126912,0.9998938,49,0.98377913
"[tensor([[    78,     91,    145,  ..., 607777,   1024,   8192]]), tensor([[1]])]",607777,0.99760616,25,0.49192223
"[tensor([[     78,      91,     145,  ..., 1479532,    1024,    8192]]), tensor([[1]])]",1479532,1.0,49,1.0
"[tensor([[    78,     91,     81,  ..., 584861, 304128,   8192]]), tensor([[1]])]",584861,0.9999994,49,0.9999721
"[tensor([[    78,     91,    145,  ..., 430080,   1024,   8192]]), tensor([[1]])]",430080,0.98695785,17,0.4870541
"[tensor([[    78,     91,    145,  ..., 468480,   1024,   8192]]), tensor([[1]])]",468480,0.9811087,16,0.4978776
"[tensor([[    78,     91,    145,  ..., 430080,   1024,   8192]]), tensor([[1]])]",430080,0.921368,7,0.44137987
"[tensor([[    78,     91,    145,  ..., 102168,   1024,   8192]]), tensor([[1]])]",102168,0.92455155,5,0.4397822
"[tensor([[   78,    91,   145,  ..., 46144,  1024,  8192]]), tensor([[1]])]",46144,0.99494714,18,0.47317654
"[tensor([[     78,      91,     145,  ..., 1335744,    1024,    8192]]), tensor([[1]])]",1335744,0.96406853,49,0.5171424
"[tensor([[    78,     91,    145,  ..., 417452,   1024,   8192]]), tensor([[1]])]",417452,0.99963653,49,0.9955693
"[tensor([[    78,     91,    145,  ..., 606720,   1024,   8192]]), tensor([[1]])]",606720,0.9999951,49,0.99995804
"[tensor([[    78,     91,    121,  ..., 728576,    512,   8192]]), tensor([[1]])]",728576,0.96491086,27,0.49661693
"[tensor([[    78,     91,    145,  ..., 304752,   1024,   8192]]), tensor([[1]])]",304752,0.7956029,2,0.43764958
"[tensor([[    78,     91,    145,  ..., 707073,    512,   8192]]), tensor([[1]])]",707073,0.9421045,21,0.49160016
"[tensor([[    78,     91,    145,  ..., 250368,    512,   8192]]), tensor([[1]])]",250368,0.99535346,25,0.48670387
"[tensor([[   78,    91,   145,  ..., 36864,  1024,  8192]]), tensor([[1]])]",36864,0.99917245,24,0.46143958
"[tensor([[    78,     91,    145,  ..., 538112,   1024,   8192]]), tensor([[1]])]",538112,0.9975829,49,0.7030074
"[tensor([[    78,     91,    145,  ..., 391967,   1024,   8192]]), tensor([[1]])]",391967,0.7317946,7,0.49579537
"[tensor([[   78,    91,   145,  ..., 88497,  1024,  8192]]), tensor([[1]])]",88497,1.0,49,1.0
"[tensor([[    78,     91,    145,  ..., 562688,   1024,   8192]]), tensor([[1]])]",562688,0.99844676,49,0.78873706
"[tensor([[    78,     91,    145,  ..., 423615,   1024,   8192]]), tensor([[1]])]",423615,0.85161155,7,0.49059296
"[tensor([[    78,     91,    145,  ..., 189528,   1024,   8192]]), tensor([[1]])]",189528,0.999887,49,0.83160853
"[tensor([[     78,      91,     121,  ..., 1247744,     512,    8192]]), tensor([[1]])]",1247744,0.87668633,10,0.49688104
"[tensor([[    78,     91,     52,  ..., 875520,   1024,   8192]]), tensor([[1]])]",875520,0.99680424,49,0.8621118
"[tensor([[    78,     91,    145,  ..., 495616,   1024,   8192]]), tensor([[1]])]",495616,0.9879218,20,0.46556768
"[tensor([[    78,     91,    145,  ..., 782336,   1024,   8192]]), tensor([[1]])]",782336,0.9992543,49,0.8064991
"[tensor([[    78,     91,    145,  ..., 430080,   1024,   8192]]), tensor([[1]])]",430080,0.9716215,11,0.48673934
"[tensor([[     78,      91,      81,  ..., 1163834,   45056,    8192]]), tensor([[1]])]",1163834,0.9992908,49,0.99781597
"[tensor([[   78,    91,   145,  ..., 61590,  1024,  8192]]), tensor([[1]])]",61590,0.914985,7,0.47529173
"[tensor([[    78,     91,    145,  ..., 360042,   1024,   8192]]), tensor([[1]])]",360042,1.0,49,1.0
"[tensor([[    78,     91,    145,  ..., 723968,   1024,   8192]]), tensor([[1]])]",723968,0.99999976,49,0.9999541
"[tensor([[   78,    91,   145,  ..., 62464,  1024,  8192]]), tensor([[1]])]",62464,0.992342,12,0.42183426
"[tensor([[     78,      91,     145,  ..., 1242696,    1024,    8192]]), tensor([[1]])]",1242696,0.8012265,4,0.4759082
"[tensor([[     78,      91,     145,  ..., 1386496,    1024,    8192]]), tensor([[1]])]",1386496,0.98954976,49,0.89639705
"[tensor([[    78,     91,    145,  ..., 234496,   1024,   8192]]), tensor([[1]])]",234496,0.99986243,49,0.9825196
"[tensor([[    78,     91,    145,  ..., 912897,    512,   8192]]), tensor([[1]])]",912897,0.99999785,49,0.9998826
"[tensor([[    78,     91,    145,  ..., 306688,   1024,   8192]]), tensor([[1]])]",306688,0.99998915,49,0.9996762
"[tensor([[    78,     91,    145,  ..., 603136,   1024,   8192]]), tensor([[1]])]",603136,0.9909026,20,0.4829024
"[tensor([[    78,     91,    145,  ..., 820363,   1024,   8192]]), tensor([[1]])]",820363,0.9999844,49,0.9999814
"[tensor([[     78,      91,     145,  ..., 1155320,    1024,    8192]]), tensor([[1]])]",1155320,0.9906303,18,0.4541304
"[tensor([[   78,    91,   145,  ..., 35956,  1024,  8192]]), tensor([[1]])]",35956,0.99939156,49,0.73155385
"[tensor([[   78,    91,   145,  ..., 61440,  1024,  8192]]), tensor([[1]])]",61440,0.9886608,6,0.48643118
"[tensor([[    78,     91,     81,  ..., 507049,   1024,   8192]]), tensor([[1]])]",507049,0.9643998,49,0.9599612
"[tensor([[    78,     91,    145,  ..., 495616,   1024,   8192]]), tensor([[1]])]",495616,0.9340144,12,0.45357573
"[tensor([[    78,     91,    145,  ..., 423513,   1024,   8192]]), tensor([[1]])]",423513,0.99999905,45,0.48347443
"[tensor([[    78,     91,    145,  ..., 939521,    512,   8192]]), tensor([[1]])]",939521,0.9769381,12,0.49935567
"[tensor([[    78,     91,    145,  ..., 297432,   1024,   8192]]), tensor([[1]])]",297432,0.9998516,49,0.998442
"[tensor([[    78,     91,     81,  ..., 382976,   1024,   8192]]), tensor([[1]])]",382976,0.9525111,42,0.49967048
"[tensor([[    78,     91,    145,  ..., 466944,   1024,   8192]]), tensor([[1]])]",466944,0.70050347,5,0.479997
"[tensor([[     78,      91,      81,  ..., 1004342,  283648,    8192]]), tensor([[1]])]",1004342,0.9999721,49,0.9999331
"[tensor([[    78,     91,    145,  ..., 430080,   1024,   8192]]), tensor([[1]])]",430080,0.97807956,13,0.49827352
"[tensor([[    78,     91,     97,  ..., 218734,   1024,   8192]]), tensor([[1]])]",218734,0.97818094,11,0.45681933
"[tensor([[    78,     91,    145,  ..., 861184,    512,   8192]]), tensor([[1]])]",861184,0.52328753,0,0.43523973
"[tensor([[    78,     91,    123,  ..., 132518,   1024,   8192]]), tensor([[1]])]",132518,1.0,49,1.0
"[tensor([[     78,      91,     145,  ..., 1336256,    1024,    8192]]), tensor([[1]])]",1336256,0.9986755,49,0.92480814
"[tensor([[    78,     91,    145,  ..., 179078,  87040,   8192]]), tensor([[1]])]",179078,0.9999999,49,0.99999785
"[tensor([[   78,    91,   145,  ..., 35116,  1024,  8192]]), tensor([[1]])]",35116,0.95731264,12,0.47501403
"[tensor([[    78,     91,    145,  ..., 421376,   1024,   8192]]), tensor([[1]])]",421376,0.97708297,12,0.4927637
"[tensor([[    78,     91,    145,  ..., 401920,    512,   8192]]), tensor([[1]])]",401920,0.9986994,49,0.7069253
"[tensor([[     78,      91,     145,  ..., 1070261,    1024,    8192]]), tensor([[1]])]",1070261,0.9861604,27,0.4953018
"[tensor([[    78,     91,     77,  ..., 326891,   1024,   8192]]), tensor([[1]])]",326891,1.0,49,1.0
"[tensor([[    78,     91,    145,  ..., 430080,   1024,   8192]]), tensor([[1]])]",430080,0.993364,22,0.48901874
"[tensor([[    78,     91,    145,  ..., 884365,   1024,   8192]]), tensor([[1]])]",884365,0.9999398,49,0.9844519
"[tensor([[    78,     91,    145,  ..., 296664,   1024,   8192]]), tensor([[1]])]",296664,0.9995295,49,0.99454343
"[tensor([[   78,    91,   145,  ..., 42078,  1024,  8192]]), tensor([[1]])]",42078,0.9951349,49,0.83057183
"[tensor([[    78,     91,    145,  ..., 165888,   1024,   8192]]), tensor([[1]])]",165888,0.92469996,12,0.49028823
"[tensor([[     78,      91,     145,  ..., 1126912,    1024,    8192]]), tensor([[1]])]",1126912,0.99541557,49,0.57704675
"[tensor([[     78,      91,     145,  ..., 1335744,    1024,    8192]]), tensor([[1]])]",1335744,0.9971718,49,0.9286849
"[tensor([[    78,     91,    145,  ..., 468480,   1024,   8192]]), tensor([[1]])]",468480,0.9904235,15,0.48559752
"[tensor([[    78,     91,    145,  ..., 787048,    512,   8192]]), tensor([[1]])]",787048,0.99999964,49,0.95509666
"[tensor([[   78,    91,   145,  ..., 58734,  1024,  8192]]), tensor([[1]])]",58734,0.9999851,36,0.46265888
"[tensor([[   78,    91,   145,  ..., 62464,  1024,  8192]]), tensor([[1]])]",62464,0.9990534,44,0.4945469
"[tensor([[    78,     91,    145,  ..., 600576,   1024,   8192]]), tensor([[1]])]",600576,0.9912424,49,0.76421326
"[tensor([[    78,     91,    145,  ..., 569044,   1024,   8192]]), tensor([[1]])]",569044,1.0,49,1.0
"[tensor([[    78,     91,    145,  ..., 430080,   1024,   8192]]), tensor([[1]])]",430080,0.9769176,13,0.48303443
"[tensor([[   78,    91,   145,  ..., 99214,  1024,  8192]]), tensor([[1]])]",99214,0.99970967,49,0.9844283
"[tensor([[    78,     91,     57,  ..., 131496,   1024,   8192]]), tensor([[1]])]",131496,0.8959875,6,0.43751106
"[tensor([[   78,    91,   145,  ..., 92170, 43008,  8192]]), tensor([[1]])]",92170,0.99970007,19,0.4426409
"[tensor([[    78,     91,    145,  ..., 322560,   1024,   8192]]), tensor([[1]])]",322560,0.99958676,21,0.46402752
"[tensor([[    78,     91,     97,  ..., 218591,   1024,   8192]]), tensor([[1]])]",218591,0.95351833,12,0.45319197
"[tensor([[    78,     91,     77,  ..., 326841,   1024,   8192]]), tensor([[1]])]",326841,1.0,49,1.0
"[tensor([[    78,     91,    145,  ..., 888196,   1024,   8192]]), tensor([[1]])]",888196,0.9752866,49,0.6972248
"[tensor([[    78,     91,    145,  ..., 760296,    512,   8192]]), tensor([[1]])]",760296,0.9763823,9,0.4218609
"[tensor([[     78,      91,      81,  ..., 1694266,   45056,    8192]]), tensor([[1]])]",1694266,0.9998536,49,0.99967825
"[tensor([[   78,    91,   145,  ..., 86888,  1024,  8192]]), tensor([[1]])]",86888,0.9998609,49,0.6166077
"[tensor([[    78,     91,    145,  ..., 530504,   1024,   8192]]), tensor([[1]])]",530504,0.9959552,28,0.4952016
"[tensor([[     78,      91,     145,  ..., 1679895,    1024,    8192]]), tensor([[1]])]",1679895,0.9946556,49,0.9056181
"[tensor([[     78,      91,     145,  ..., 1336256,    1024,    8192]]), tensor([[1]])]",1336256,0.9944646,49,0.7013322
"[tensor([[    78,     91,    145,  ..., 735716,   1024,   8192]]), tensor([[1]])]",735716,0.9966466,49,0.9887145
"[tensor([[    78,     91,     81,  ..., 846166,  45056,   8192]]), tensor([[1]])]",846166,0.92784953,49,0.8290312
"[tensor([[    78,     91,    145,  ..., 979952,   1024,   8192]]), tensor([[1]])]",979952,0.99999833,49,0.9987436
"[tensor([[     78,      91,     145,  ..., 1336256,    1024,    8192]]), tensor([[1]])]",1336256,0.9994867,49,0.9709453
"[tensor([[    78,     91,    145,  ..., 430080,   1024,   8192]]), tensor([[1]])]",430080,0.99622345,31,0.49582165
"[tensor([[    78,     91,    145,  ..., 211525,   1024,   8192]]), tensor([[1]])]",211525,1.0,49,1.0
"[tensor([[     78,      91,      81,  ..., 1521416,    1024,    8192]]), tensor([[1]])]",1521416,0.8380809,13,0.4897828
"[tensor([[    78,     91,    145,  ..., 326902,   1024,   8192]]), tensor([[1]])]",326902,1.0,49,1.0
"[tensor([[     78,      91,     145,  ..., 1335744,    1024,    8192]]), tensor([[1]])]",1335744,0.9991047,49,0.9799493
"[tensor([[     78,      91,      81,  ..., 1621562,   45056,    8192]]), tensor([[1]])]",1621562,1.0,49,1.0
"[tensor([[    78,     91,     81,  ..., 322560,   1024,   8192]]), tensor([[1]])]",322560,0.9824087,49,0.8380445
"[tensor([[    78,     91,    145,  ..., 430080,   1024,   8192]]), tensor([[1]])]",430080,0.96185935,9,0.4977724
"[tensor([[   78,    91,   145,  ..., 90147,  1024,  8192]]), tensor([[1]])]",90147,0.9231752,11,0.478426
"[tensor([[    78,     91,    145,  ..., 142973,   1024,   8192]]), tensor([[1]])]",142973,0.9998658,31,0.47666532
"[tensor([[     78,      91,     145,  ..., 1335744,    1024,    8192]]), tensor([[1]])]",1335744,0.9795139,49,0.63806915
