"[tensor([[     78,      91,     145,  ..., 1536956,    1024,    8192]]), tensor([[1]])]",1536956,0.999995,99,0.999995
"[tensor([[   78,    91,   145,  ..., 95780,  1024,  8192]]), tensor([[1]])]",95780,1.0,99,1.0
"[tensor([[   78,    91,   145,  ..., 55296,  1024,  8192]]), tensor([[1]])]",55296,0.99652267,99,0.99650586
"[tensor([[    78,     91,    145,  ..., 363520,   1024,   8192]]), tensor([[1]])]",363520,0.9905032,59,0.48432177
"[tensor([[    78,     91,    145,  ..., 549376,   1024,   8192]]), tensor([[1]])]",549376,0.99824405,99,0.99824405
"[tensor([[    78,     91,     81,  ..., 477184,   1024,   8192]]), tensor([[1]])]",477184,0.51506466,99,0.51506466
"[tensor([[   78,    91,   145,  ..., 73792,  1024,  8192]]), tensor([[1]])]",73792,0.6990911,13,0.49900243
"[tensor([[    78,     91,    145,  ..., 432128,   1024,   8192]]), tensor([[1]])]",432128,0.9729662,99,0.7535491
"[tensor([[     78,      91,     145,  ..., 1296357,    1024,    8192]]), tensor([[1]])]",1296357,0.9999976,99,0.99999726
"[tensor([[     78,      91,     145,  ..., 1772549,    1024,    8192]]), tensor([[1]])]",1772549,0.99999917,99,0.99999917
"[tensor([[    78,     91,    145,  ..., 961832,   1024,   8192]]), tensor([[1]])]",961832,0.9905889,64,0.48504657
"[tensor([[   78,    91,   129,  ..., 70656,   512,  8192]]), tensor([[1]])]",70656,0.9997415,99,0.999728
"[tensor([[     78,      91,     145,  ..., 1155320,    1024,    8192]]), tensor([[1]])]",1155320,0.9268774,28,0.4960481
"[tensor([[   78,    91,   145,  ..., 49682,  1024,  8192]]), tensor([[1]])]",49682,0.9997303,99,0.9965559
"[tensor([[    78,     91,    145,  ..., 454404,   1024,   8192]]), tensor([[1]])]",454404,0.98877186,99,0.98877186
"[tensor([[   78,    91,   145,  ..., 58178,  1024,  8192]]), tensor([[1]])]",58178,0.99873525,99,0.99873525
"[tensor([[    78,     91,    145,  ..., 743424,   1024,   8192]]), tensor([[1]])]",743424,0.86100817,99,0.86100817
"[tensor([[     78,      91,     145,  ..., 1016721,    1024,    8192]]), tensor([[1]])]",1016721,0.99879044,99,0.99879044
"[tensor([[    78,     91,    145,  ..., 188369,   1024,   8192]]), tensor([[1]])]",188369,0.9997577,99,0.9997503
"[tensor([[    78,     91,    145,  ..., 188830,   1024,   8192]]), tensor([[1]])]",188830,0.81385165,99,0.81385165
"[tensor([[   78,    91,   145,  ..., 62464,  1024,  8192]]), tensor([[1]])]",62464,0.99973255,27,0.42731127
"[tensor([[    78,     91,    145,  ..., 507189, 158208,   8192]]), tensor([[1]])]",507189,0.9999999,99,0.9999999
"[tensor([[     78,      91,     145,  ..., 1164800,    1024,    8192]]), tensor([[1]])]",1164800,0.9884544,50,0.49961716
"[tensor([[    78,     91,    145,  ..., 430080,   1024,   8192]]), tensor([[1]])]",430080,0.96454895,99,0.6952792
"[tensor([[     78,      91,      81,  ..., 1180319,    1024,    8192]]), tensor([[1]])]",1180319,0.999033,99,0.999033
"[tensor([[     78,      91,     145,  ..., 1142784,    1024,    8192]]), tensor([[1]])]",1142784,0.99295783,99,0.9928479
"[tensor([[     78,      91,     145,  ..., 1572395,    1024,    8192]]), tensor([[1]])]",1572395,1.0,99,1.0
"[tensor([[    78,     91,    145,  ..., 430080,   1024,   8192]]), tensor([[1]])]",430080,0.95945907,99,0.66382164
"[tensor([[   78,    91,   145,  ..., 43788,  1024,  8192]]), tensor([[1]])]",43788,0.97909856,99,0.97909856
"[tensor([[    78,     91,    145,  ..., 430080,   1024,   8192]]), tensor([[1]])]",430080,0.9962298,99,0.95676875
"[tensor([[    78,     91,    145,  ..., 172032,  49152,   8192]]), tensor([[1]])]",172032,0.91322976,26,0.4993986
"[tensor([[   78,    91,   145,  ..., 96271,   512,  8192]]), tensor([[1]])]",96271,0.99998164,99,0.99998164
"[tensor([[   78,    91,   145,  ..., 51676,  1024,  8192]]), tensor([[1]])]",51676,0.99282056,99,0.9900699
"[tensor([[    78,     91,    145,  ..., 477662,   1024,   8192]]), tensor([[1]])]",477662,0.9999938,99,0.9995369
"[tensor([[    78,     91,    145,  ..., 755454,   1024,   8192]]), tensor([[1]])]",755454,0.9999907,99,0.9999907
"[tensor([[    78,     91,    145,  ..., 432128,   1024,   8192]]), tensor([[1]])]",432128,0.9874978,99,0.8682841
"[tensor([[    78,     91,    145,  ..., 251240,   1024,   8192]]), tensor([[1]])]",251240,1.0,99,1.0
"[tensor([[    78,     91,    145,  ..., 471040,   1024,   8192]]), tensor([[1]])]",471040,0.85739195,99,0.851977
"[tensor([[    78,     91,     81,  ..., 461312,    512,   8192]]), tensor([[1]])]",461312,0.9993863,99,0.9993863
"[tensor([[    78,     91,    145,  ..., 603136,   1024,   8192]]), tensor([[1]])]",603136,0.99326384,99,0.8338467
"[tensor([[    78,     91,    145,  ..., 203924,   1024,   8192]]), tensor([[1]])]",203924,1.0,99,1.0
"[tensor([[   78,    91,   145,  ..., 49314,  1024,  8192]]), tensor([[1]])]",49314,0.9999101,99,0.99990416
"[tensor([[    78,     91,    145,  ..., 430080,   1024,   8192]]), tensor([[1]])]",430080,0.742908,41,0.49596903
"[tensor([[    78,     91,    145,  ..., 976152,   1024,   8192]]), tensor([[1]])]",976152,0.99999785,99,0.99999785
"[tensor([[    78,     91,    145,  ..., 430080,   1024,   8192]]), tensor([[1]])]",430080,0.8519197,70,0.49672404
"[tensor([[    78,     91,    145,  ..., 172544,   1024,   8192]]), tensor([[1]])]",172544,0.99999213,99,0.99999213
"[tensor([[    78,     91,     81,  ..., 340992,   1024,   8192]]), tensor([[1]])]",340992,0.96671927,99,0.96671927
"[tensor([[   78,    91,   145,  ..., 68960,  1024,  8192]]), tensor([[1]])]",68960,0.97291607,99,0.97291607
"[tensor([[    78,     91,     81,  ..., 401871,  45056,   8192]]), tensor([[1]])]",401871,0.94506514,99,0.9136492
"[tensor([[     78,      91,     145,  ..., 1089776,    1024,    8192]]), tensor([[1]])]",1089776,0.999995,99,0.999995
"[tensor([[    78,     91,     81,  ..., 327680,   1024,   8192]]), tensor([[1]])]",327680,0.77785313,99,0.77785313
"[tensor([[     78,      91,      81,  ..., 1771862,   45056,    8192]]), tensor([[1]])]",1771862,0.9996494,99,0.9996182
"[tensor([[    78,     91,    145,  ..., 340250,   1024,   8192]]), tensor([[1]])]",340250,1.0,99,1.0
"[tensor([[    78,     91,    145,  ..., 211593,   1024,   8192]]), tensor([[1]])]",211593,1.0,99,1.0
"[tensor([[    78,     91,    145,  ..., 430080,   1024,   8192]]), tensor([[1]])]",430080,0.9527808,99,0.62698555
"[tensor([[     78,      91,     145,  ..., 1452190,    1024,    8192]]), tensor([[1]])]",1452190,1.0,99,1.0
"[tensor([[    78,     91,    145,  ..., 674261,   1024,   8192]]), tensor([[1]])]",674261,0.5110777,8,0.49988046
"[tensor([[    78,     91,    145,  ..., 419202,   1024,   8192]]), tensor([[1]])]",419202,0.99175173,99,0.99175173
"[tensor([[   78,    91,   145,  ..., 51980,  1024,  8192]]), tensor([[1]])]",51980,0.9980057,99,0.997776
"[tensor([[     78,      91,     145,  ..., 1228288,    1024,    8192]]), tensor([[1]])]",1228288,0.99995947,99,0.99995947
"[tensor([[    78,     91,    145,  ..., 340892,   1024,   8192]]), tensor([[1]])]",340892,1.0,99,1.0
"[tensor([[   78,    91,   145,  ..., 60427,   512,  8192]]), tensor([[1]])]",60427,0.99997115,99,0.9999695
"[tensor([[    78,     91,    145,  ..., 100376,   1024,   8192]]), tensor([[1]])]",100376,0.8065771,99,0.8065771
"[tensor([[    78,     91,    145,  ..., 391956,   1024,   8192]]), tensor([[1]])]",391956,0.902228,99,0.88096875
"[tensor([[    78,     91,    145,  ..., 760296,    512,   8192]]), tensor([[1]])]",760296,0.98763007,27,0.46671203
"[tensor([[   78,    91,   145,  ..., 62670,  1024,  8192]]), tensor([[1]])]",62670,0.9999794,33,0.44947362
"[tensor([[     78,      91,     145,  ..., 1494523,     512,    8192]]), tensor([[1]])]",1494523,0.99999833,99,0.99999833
"[tensor([[    78,     91,    145,  ..., 430080,   1024,   8192]]), tensor([[1]])]",430080,0.9982628,99,0.97937804
"[tensor([[    78,     91,    145,  ..., 192521,   1024,   8192]]), tensor([[1]])]",192521,0.98251086,99,0.98251086
"[tensor([[    78,     91,    145,  ..., 613888,   1024,   8192]]), tensor([[1]])]",613888,0.99930084,99,0.99930084
"[tensor([[    78,     91,    123,  ..., 423761,   1024,   8192]]), tensor([[1]])]",423761,1.0,99,1.0
"[tensor([[     78,      91,     145,  ..., 1572225,    1024,    8192]]), tensor([[1]])]",1572225,0.8802377,99,0.8802377
"[tensor([[    78,     91,    145,  ..., 186888,   1024,   8192]]), tensor([[1]])]",186888,0.9990602,99,0.9990221
"[tensor([[    78,     91,    145,  ..., 161792,   1024,   8192]]), tensor([[1]])]",161792,0.99992514,99,0.99992514
"[tensor([[    78,     91,     61,  ..., 358714,   1536,   8192]]), tensor([[1]])]",358714,1.0,99,1.0
"[tensor([[     78,      91,     145,  ..., 1174016,    1024,    8192]]), tensor([[1]])]",1174016,0.78091604,99,0.78091604
"[tensor([[    78,     91,    145,  ..., 430080,   1024,   8192]]), tensor([[1]])]",430080,0.97183156,99,0.7419592
"[tensor([[    78,     91,    145,  ..., 324684,   1024,   8192]]), tensor([[1]])]",324684,1.0,99,1.0
"[tensor([[    78,     91,    145,  ..., 430080,   1024,   8192]]), tensor([[1]])]",430080,0.9535631,99,0.6332875
"[tensor([[    78,     91,    145,  ..., 340996,   1024,   8192]]), tensor([[1]])]",340996,0.99580425,99,0.9948702
"[tensor([[     78,      91,     145,  ..., 1155320,    1024,    8192]]), tensor([[1]])]",1155320,0.9756599,99,0.97400767
"[tensor([[    78,     91,    145,  ..., 423954,   1024,   8192]]), tensor([[1]])]",423954,0.99999416,99,0.96752006
"[tensor([[    78,     91,    145,  ..., 969208,    512,   8192]]), tensor([[1]])]",969208,0.81639034,9,0.4680113
"[tensor([[   78,    91,   145,  ..., 48844,  1024,  8192]]), tensor([[1]])]",48844,0.99913764,99,0.99913764
"[tensor([[     78,      91,     145,  ..., 1155320,    1024,    8192]]), tensor([[1]])]",1155320,0.99542135,59,0.4927255
"[tensor([[    78,     91,    145,  ..., 632832,   1024,   8192]]), tensor([[1]])]",632832,0.9991296,99,0.9991296
"[tensor([[   78,    91,   145,  ..., 96288,  1024,  8192]]), tensor([[1]])]",96288,0.9907506,99,0.9907506
"[tensor([[    78,     91,    145,  ..., 317461,   1024,   8192]]), tensor([[1]])]",317461,1.0,99,1.0
"[tensor([[   78,    91,   145,  ..., 62464,  1024,  8192]]), tensor([[1]])]",62464,0.995619,18,0.46530902
"[tensor([[     78,      91,     145,  ..., 1156088,    1024,    8192]]), tensor([[1]])]",1156088,0.99815804,99,0.99815804
"[tensor([[   78,    91,   145,  ..., 72704,  1024,  8192]]), tensor([[1]])]",72704,0.6120407,99,0.6120407
"[tensor([[    78,     91,    145,  ..., 430080,   1024,   8192]]), tensor([[1]])]",430080,0.9936581,99,0.92633325
"[tensor([[     78,      91,      81,  ..., 1453022,    1024,    8192]]), tensor([[1]])]",1453022,0.9996456,26,0.44303742
"[tensor([[    78,     91,    145,  ..., 949976,   1024,   8192]]), tensor([[1]])]",949976,0.97912794,99,0.97912794
"[tensor([[   78,    91,   145,  ..., 62464,  1024,  8192]]), tensor([[1]])]",62464,0.9993998,99,0.9993998
"[tensor([[    78,     91,    145,  ..., 486121,    512,   8192]]), tensor([[1]])]",486121,0.99440527,99,0.99440527
"[tensor([[     78,      91,     145,  ..., 1342663,    1024,    8192]]), tensor([[1]])]",1342663,0.95997345,72,0.4973446
"[tensor([[    78,     91,    145,  ..., 326852,   1024,   8192]]), tensor([[1]])]",326852,0.99999964,99,0.99999964
"[tensor([[    78,     91,    145,  ..., 296736,   1024,   8192]]), tensor([[1]])]",296736,0.9995409,99,0.9995409
"[tensor([[    78,     91,     97,  ..., 218539,   1024,   8192]]), tensor([[1]])]",218539,0.9717305,99,0.9717305
"[tensor([[   78,    91,   145,  ..., 46592,  1024,  8192]]), tensor([[1]])]",46592,0.97058177,99,0.97058177
"[tensor([[    78,     91,    145,  ..., 236702,   1024,   8192]]), tensor([[1]])]",236702,1.0,99,1.0
"[tensor([[     78,      91,      81,  ..., 1666936,    1024,    8192]]), tensor([[1]])]",1666936,0.74007916,99,0.74007916
"[tensor([[    78,     91,    145,  ..., 939521,    512,   8192]]), tensor([[1]])]",939521,0.9775326,99,0.9775326
"[tensor([[    78,     91,    145,  ..., 430814,   1024,   8192]]), tensor([[1]])]",430814,0.9646802,41,0.49815467
"[tensor([[    78,     91,    145,  ..., 143432,   1024,   8192]]), tensor([[1]])]",143432,0.9990895,99,0.9990895
"[tensor([[    78,     91,    145,  ..., 102131,   1024,   8192]]), tensor([[1]])]",102131,0.9976544,99,0.9973168
"[tensor([[     78,      91,     145,  ..., 1155320,    1024,    8192]]), tensor([[1]])]",1155320,0.93948245,99,0.93948245
"[tensor([[     78,      91,     145,  ..., 1407094,     512,    8192]]), tensor([[1]])]",1407094,0.99995875,99,0.99995875
"[tensor([[    78,     91,     81,  ..., 959546,  45056,   8192]]), tensor([[1]])]",959546,0.99994135,99,0.99993193
"[tensor([[   78,    91,   145,  ..., 55094,  1024,  8192]]), tensor([[1]])]",55094,0.9989146,99,0.99250084
"[tensor([[    78,     91,    145,  ..., 995841,    512,   8192]]), tensor([[1]])]",995841,0.9989524,99,0.9989524
"[tensor([[     78,      91,     145,  ..., 1346991,    1024,    8192]]), tensor([[1]])]",1346991,0.99999976,99,0.99999976
"[tensor([[    78,     91,    145,  ..., 334704,   1024,   8192]]), tensor([[1]])]",334704,0.8999368,99,0.8794766
"[tensor([[   78,    91,   145,  ..., 96288,  1024,  8192]]), tensor([[1]])]",96288,0.9630198,99,0.9630198
"[tensor([[    78,     91,    145,  ..., 723968,   1024,   8192]]), tensor([[1]])]",723968,0.9999989,99,0.9999989
"[tensor([[     78,      91,     145,  ..., 1065741,    1024,    8192]]), tensor([[1]])]",1065741,0.99999976,99,0.99999976
"[tensor([[    78,     91,     81,  ..., 847178,  45056,   8192]]), tensor([[1]])]",847178,0.99999726,99,0.99999654
"[tensor([[    78,     91,     81,  ..., 816016,   1024,   8192]]), tensor([[1]])]",816016,0.9887444,99,0.9887444
"[tensor([[    78,     91,    145,  ..., 475136,   1024,   8192]]), tensor([[1]])]",475136,0.92774373,99,0.92774373
"[tensor([[    78,     91,    145,  ..., 543232,   1024,   8192]]), tensor([[1]])]",543232,0.9999819,99,0.99863917
"[tensor([[    78,     91,    145,  ..., 995841,    512,   8192]]), tensor([[1]])]",995841,0.9997737,99,0.9997737
"[tensor([[    78,     91,     97,  ..., 218876,   1024,   8192]]), tensor([[1]])]",218876,0.90201956,99,0.90201956
"[tensor([[   78,    91,   105,  ..., 85290,  1024,  8192]]), tensor([[1]])]",85290,0.99991477,99,0.99991477
"[tensor([[    78,     91,    145,  ..., 428784,   1024,   8192]]), tensor([[1]])]",428784,0.9829563,50,0.48894298
"[tensor([[     78,      91,      81,  ..., 1045479,  304128,    8192]]), tensor([[1]])]",1045479,0.99999976,99,0.99999976
"[tensor([[    78,     91,    145,  ..., 963073,    512,   8192]]), tensor([[1]])]",963073,0.9999994,99,0.9999994
"[tensor([[    78,     91,     81,  ..., 562119,   1024,   8192]]), tensor([[1]])]",562119,0.99885225,99,0.99885225
"[tensor([[    78,     91,    145,  ..., 455364,   1024,   8192]]), tensor([[1]])]",455364,0.9512484,99,0.9512484
"[tensor([[    78,     91,    145,  ..., 296672,   1024,   8192]]), tensor([[1]])]",296672,0.9997588,99,0.9997588
"[tensor([[    78,     91,     81,  ..., 392704,   1024,   8192]]), tensor([[1]])]",392704,0.96985674,99,0.9660713
"[tensor([[     78,      91,     145,  ..., 1344007,    1024,    8192]]), tensor([[1]])]",1344007,0.99495727,99,0.99495727
"[tensor([[    78,     91,    145,  ..., 921858,   1024,   8192]]), tensor([[1]])]",921858,0.9912845,99,0.99101174
"[tensor([[   78,    91,   145,  ..., 40056,  1024,  8192]]), tensor([[1]])]",40056,0.9856397,99,0.9842301
"[tensor([[     78,      91,      81,  ..., 1180252,    1024,    8192]]), tensor([[1]])]",1180252,0.9970848,99,0.9970848
"[tensor([[     78,      91,     145,  ..., 1273344,    1024,    8192]]), tensor([[1]])]",1273344,0.8114871,99,0.8114871
"[tensor([[     78,      91,      81,  ..., 1758038,   45056,    8192]]), tensor([[1]])]",1758038,0.9997733,99,0.999741
"[tensor([[    78,     91,    145,  ..., 432374,   1024,   8192]]), tensor([[1]])]",432374,0.95389795,99,0.95389795
"[tensor([[    78,     91,    145,  ..., 468829,    512,   8192]]), tensor([[1]])]",468829,0.9725266,99,0.9725266
"[tensor([[     78,      91,     145,  ..., 1407094,     512,    8192]]), tensor([[1]])]",1407094,0.99993944,99,0.99993944
"[tensor([[    78,     91,    145,  ..., 191368,   1024,   8192]]), tensor([[1]])]",191368,0.9664943,99,0.9664943
"[tensor([[   78,    91,   145,  ..., 49656,  1024,  8192]]), tensor([[1]])]",49656,0.99888045,99,0.998874
"[tensor([[   78,    91,   145,  ..., 53283,  1024,  8192]]), tensor([[1]])]",53283,0.64545685,99,0.64545685
"[tensor([[    78,     91,     81,  ..., 719725, 304128,   8192]]), tensor([[1]])]",719725,0.99999905,99,0.99980015
"[tensor([[     78,      91,     145,  ..., 1238359,    1024,    8192]]), tensor([[1]])]",1238359,0.9977068,99,0.9977068
"[tensor([[    78,     91,    145,  ..., 115528,   1024,   8192]]), tensor([[1]])]",115528,0.9998198,99,0.9998198
"[tensor([[    78,     91,     81,  ..., 655599,   1024,   8192]]), tensor([[1]])]",655599,0.97620434,8,0.45211112
"[tensor([[    78,     91,    145,  ..., 375808,   1024,   8192]]), tensor([[1]])]",375808,0.99991024,21,0.39840585
"[tensor([[    78,     91,    145,  ..., 430080,   1024,   8192]]), tensor([[1]])]",430080,0.94831544,99,0.59891695
"[tensor([[     78,      91,     145,  ..., 1117453,    1024,    8192]]), tensor([[1]])]",1117453,0.9961578,68,0.48830384
"[tensor([[    78,     91,    145,  ..., 495620,   1024,   8192]]), tensor([[1]])]",495620,0.9244307,99,0.9244307
"[tensor([[     78,      91,       3,  ..., 1425656,    1024,    8192]]), tensor([[1]])]",1425656,0.99231416,99,0.99231416
"[tensor([[   78,    91,    70,  ..., 94286,  1024,  8192]]), tensor([[1]])]",94286,0.92389965,99,0.92389965
"[tensor([[     78,      91,     145,  ..., 1242696,    1024,    8192]]), tensor([[1]])]",1242696,0.68479055,99,0.68479055
"[tensor([[     78,      91,     145,  ..., 1122304,    1024,    8192]]), tensor([[1]])]",1122304,0.9917144,99,0.9917144
"[tensor([[    78,     91,    145,  ..., 178916,   1024,   8192]]), tensor([[1]])]",178916,0.5820503,99,0.5820503
"[tensor([[    78,     91,    145,  ..., 142650,   1024,   8192]]), tensor([[1]])]",142650,1.0,99,1.0
"[tensor([[   78,    91,   145,  ..., 54671,  1024,  8192]]), tensor([[1]])]",54671,0.9997341,99,0.9997341
"[tensor([[    78,     91,    145,  ..., 901634,   1024,   8192]]), tensor([[1]])]",901634,0.9997297,99,0.9997297
"[tensor([[    78,     91,    145,  ..., 430080,   1024,   8192]]), tensor([[1]])]",430080,0.9826035,99,0.8267799
"[tensor([[    78,     91,     81,  ..., 461824,   1024,   8192]]), tensor([[1]])]",461824,0.95132434,99,0.95132434
"[tensor([[    78,     91,    145,  ..., 640605,   1024,   8192]]), tensor([[1]])]",640605,1.0,99,1.0
"[tensor([[    78,     91,    145,  ..., 153110,   1024,   8192]]), tensor([[1]])]",153110,0.99991894,99,0.99991894
"[tensor([[     78,      91,     145,  ..., 1049089,     512,    8192]]), tensor([[1]])]",1049089,0.99999595,99,0.9999957
"[tensor([[    78,     91,    145,  ..., 105472,   1024,   8192]]), tensor([[1]])]",105472,0.9963444,99,0.99624324
"[tensor([[    78,     91,    145,  ..., 439808,   1024,   8192]]), tensor([[1]])]",439808,0.99512357,99,0.99512357
"[tensor([[    78,     91,    123,  ..., 423761,   1024,   8192]]), tensor([[1]])]",423761,1.0,99,1.0
"[tensor([[     78,      91,     145,  ..., 1041352,    1024,    8192]]), tensor([[1]])]",1041352,0.8371124,99,0.8292008
"[tensor([[    78,     91,     81,  ..., 299142,   1024,   8192]]), tensor([[1]])]",299142,0.9129622,99,0.9129622
"[tensor([[    78,     91,    145,  ..., 548988,   1024,   8192]]), tensor([[1]])]",548988,0.9999654,99,0.99996257
"[tensor([[   78,    91,   145,  ..., 84992,  1024,  8192]]), tensor([[1]])]",84992,0.97601056,99,0.9731391
"[tensor([[    78,     91,    145,  ..., 822928,   1024,   8192]]), tensor([[1]])]",822928,0.99956506,52,0.477032
"[tensor([[    78,     91,    145,  ..., 545240,   1024,   8192]]), tensor([[1]])]",545240,0.9994573,99,0.96202624
"[tensor([[   78,    91,   145,  ..., 48650,  1024,  8192]]), tensor([[1]])]",48650,0.99206626,99,0.99140596
"[tensor([[    78,     91,    145,  ..., 456192,   1024,   8192]]), tensor([[1]])]",456192,0.9986487,99,0.9986487
"[tensor([[    78,     91,    145,  ..., 258048,   1024,   8192]]), tensor([[1]])]",258048,0.99992704,99,0.99992704
"[tensor([[    78,     91,    145,  ..., 432128,   1024,   8192]]), tensor([[1]])]",432128,0.9946679,99,0.9398768
"[tensor([[    78,     91,    145,  ..., 430080,   1024,   8192]]), tensor([[1]])]",430080,0.97668636,99,0.7810446
"[tensor([[    78,     91,    145,  ..., 430080,   1024,   8192]]), tensor([[1]])]",430080,0.97958803,99,0.7973729
"[tensor([[    78,     91,    145,  ..., 942069,   1024,   8192]]), tensor([[1]])]",942069,0.9999647,99,0.9999647
"[tensor([[   78,    91,   145,  ..., 95741,  1024,  8192]]), tensor([[1]])]",95741,0.9989405,99,0.9989405
"[tensor([[   78,    91,   129,  ..., 49880,   512,  8192]]), tensor([[1]])]",49880,0.9999198,99,0.9999198
"[tensor([[    78,     91,    145,  ..., 133970,   1024,   8192]]), tensor([[1]])]",133970,0.99950767,99,0.99950767
"[tensor([[    78,     91,    145,  ..., 355898,   1024,   8192]]), tensor([[1]])]",355898,1.0,99,1.0
"[tensor([[     78,      91,     145,  ..., 1547776,     512,    8192]]), tensor([[1]])]",1547776,0.999746,99,0.999746
"[tensor([[    78,     91,    145,  ..., 943564,   1024,   8192]]), tensor([[1]])]",943564,0.99995244,99,0.99995244
"[tensor([[    78,     91,    145,  ..., 430080,   1024,   8192]]), tensor([[1]])]",430080,0.9741367,99,0.7406201
"[tensor([[     78,      91,     145,  ..., 1155320,    1024,    8192]]), tensor([[1]])]",1155320,0.8567304,19,0.4984539
"[tensor([[    78,     91,    145,  ..., 227910,   1024,   8192]]), tensor([[1]])]",227910,0.99999976,99,0.99999964
"[tensor([[    78,     91,     97,  ..., 218487,   1024,   8192]]), tensor([[1]])]",218487,0.99005544,35,0.48608798
"[tensor([[    78,     91,    145,  ..., 384937,   1024,   8192]]), tensor([[1]])]",384937,1.0,99,1.0
"[tensor([[    78,     91,    145,  ..., 364434,   1024,   8192]]), tensor([[1]])]",364434,0.9997583,99,0.9997583
"[tensor([[     78,      91,     145,  ..., 1155320,    1024,    8192]]), tensor([[1]])]",1155320,0.6738264,99,0.67241114
"[tensor([[    78,     91,    145,  ..., 734753, 545792,   8192]]), tensor([[1]])]",734753,0.9999893,99,0.99998915
"[tensor([[    78,     91,    145,  ..., 720736,   1024,   8192]]), tensor([[1]])]",720736,0.9999124,99,0.9999124
"[tensor([[    78,     91,    145,  ..., 430080,   1024,   8192]]), tensor([[1]])]",430080,0.96161497,99,0.67327803
"[tensor([[    78,     91,    145,  ..., 432128,   1024,   8192]]), tensor([[1]])]",432128,0.99299836,99,0.9228032
"[tensor([[    78,     91,    145,  ..., 735744,   1024,   8192]]), tensor([[1]])]",735744,0.98072743,99,0.98072743
"[tensor([[   78,    91,   145,  ..., 44520,  1024,  8192]]), tensor([[1]])]",44520,0.9937139,99,0.9930132
"[tensor([[    78,     91,    145,  ..., 430080,   1024,   8192]]), tensor([[1]])]",430080,0.9823881,99,0.82548386
"[tensor([[    78,     91,     81,  ..., 649612, 349184,   8192]]), tensor([[1]])]",649612,0.9999974,99,0.9999974
"[tensor([[     78,      91,     145,  ..., 1335744,    1024,    8192]]), tensor([[1]])]",1335744,0.99619824,99,0.99619824
"[tensor([[    78,     91,    145,  ..., 321006,   1024,   8192]]), tensor([[1]])]",321006,1.0,99,1.0
"[tensor([[    78,     91,    145,  ..., 430080,   1024,   8192]]), tensor([[1]])]",430080,0.9399447,99,0.5675108
"[tensor([[    78,     91,    145,  ..., 786432,   1024,   8192]]), tensor([[1]])]",786432,0.9996755,99,0.99959177
"[tensor([[     78,      91,     145,  ..., 1335744,    1024,    8192]]), tensor([[1]])]",1335744,0.99541146,99,0.99541146
"[tensor([[    78,     91,     81,  ..., 449024,   1024,   8192]]), tensor([[1]])]",449024,0.9608171,99,0.9608171
"[tensor([[    78,     91,    145,  ..., 563712,   1024,   8192]]), tensor([[1]])]",563712,0.99735546,99,0.99735546
"[tensor([[     78,      91,     145,  ..., 1292106,    1024,    8192]]), tensor([[1]])]",1292106,1.0,99,1.0
"[tensor([[    78,     91,    145,  ..., 417222,   1024,   8192]]), tensor([[1]])]",417222,0.9902664,57,0.4824954
"[tensor([[    78,     91,    145,  ..., 787080,    512,   8192]]), tensor([[1]])]",787080,0.9999981,84,0.46847373
"[tensor([[    78,     91,    145,  ..., 430080,   1024,   8192]]), tensor([[1]])]",430080,0.94878685,99,0.58980936
"[tensor([[     78,      91,     145,  ..., 1122304,    1024,    8192]]), tensor([[1]])]",1122304,0.9902867,99,0.9902867
"[tensor([[    78,     91,    145,  ..., 632832,   1024,   8192]]), tensor([[1]])]",632832,0.99977297,99,0.99977297
"[tensor([[     78,      91,      81,  ..., 1008751,  283648,    8192]]), tensor([[1]])]",1008751,0.9999949,99,0.9999933
"[tensor([[    78,     91,    145,  ..., 442742,    512,   8192]]), tensor([[1]])]",442742,0.9969236,99,0.9969236
"[tensor([[     78,      91,     145,  ..., 1164800,    1024,    8192]]), tensor([[1]])]",1164800,0.99576795,99,0.9957008
"[tensor([[   78,    91,   145,  ..., 69112,  1024,  8192]]), tensor([[1]])]",69112,1.0,99,1.0
"[tensor([[    78,     91,    145,  ..., 142386,   1024,   8192]]), tensor([[1]])]",142386,1.0,99,1.0
"[tensor([[    78,     91,    145,  ..., 548939,   1024,   8192]]), tensor([[1]])]",548939,0.9999993,99,0.9999993
"[tensor([[     78,      91,      81,  ..., 1455206,   45056,    8192]]), tensor([[1]])]",1455206,0.99989474,99,0.9998797
"[tensor([[     78,      91,      81,  ..., 1150010,   45056,    8192]]), tensor([[1]])]",1150010,0.9999522,99,0.9999522
"[tensor([[     78,      91,     145,  ..., 1316444,    1024,    8192]]), tensor([[1]])]",1316444,1.0,99,1.0
"[tensor([[     78,      91,     145,  ..., 1336256,    1024,    8192]]), tensor([[1]])]",1336256,0.99453694,99,0.99453694
"[tensor([[    78,     91,    145,  ..., 159631,   1024,   8192]]), tensor([[1]])]",159631,0.9982843,99,0.9982843
"[tensor([[    78,     91,    145,  ..., 297472,   1024,   8192]]), tensor([[1]])]",297472,0.9994696,99,0.9994696
"[tensor([[    78,     91,     97,  ..., 218435,   1024,   8192]]), tensor([[1]])]",218435,0.975205,99,0.975205
"[tensor([[     78,      91,     145,  ..., 1076174,     512,    8192]]), tensor([[1]])]",1076174,0.99762076,99,0.99762076
"[tensor([[    78,     91,     97,  ..., 218799,   1024,   8192]]), tensor([[1]])]",218799,0.9831486,99,0.9831486
"[tensor([[    78,     91,     70,  ..., 121466,   1024,   8192]]), tensor([[1]])]",121466,0.9612018,99,0.9612018
"[tensor([[    78,     91,    145,  ..., 430080,   1024,   8192]]), tensor([[1]])]",430080,0.99221754,99,0.91157514
"[tensor([[    78,     91,    145,  ..., 297392,   1024,   8192]]), tensor([[1]])]",297392,0.9999728,99,0.8741464
"[tensor([[     78,      91,     145,  ..., 1087517,    1024,    8192]]), tensor([[1]])]",1087517,1.0,99,1.0
"[tensor([[    78,     91,     81,  ..., 694784,   1024,   8192]]), tensor([[1]])]",694784,0.9888066,99,0.9888066
"[tensor([[     78,      91,     145,  ..., 1335744,    1024,    8192]]), tensor([[1]])]",1335744,0.9843598,99,0.9843598
"[tensor([[     78,      91,     145,  ..., 1762964,    1024,    8192]]), tensor([[1]])]",1762964,1.0,99,1.0
"[tensor([[     78,      91,     145,  ..., 1155320,    1024,    8192]]), tensor([[1]])]",1155320,0.99190253,53,0.4942615
"[tensor([[     78,      91,     145,  ..., 1808898,     512,    8192]]), tensor([[1]])]",1808898,0.9999995,99,0.9999995
"[tensor([[   78,    91,   145,  ..., 46276,  1024,  8192]]), tensor([[1]])]",46276,0.99465525,99,0.99465525
"[tensor([[    78,     91,     81,  ..., 625521,   1024,   8192]]), tensor([[1]])]",625521,0.9999926,99,0.9999926
"[tensor([[    78,     91,     73,  ..., 130260,   1024,   8192]]), tensor([[1]])]",130260,0.9956,99,0.9956
"[tensor([[    78,     91,    145,  ..., 150654,    512,   8192]]), tensor([[1]])]",150654,1.0,99,1.0
"[tensor([[     78,      91,      81,  ..., 1753430,   45056,    8192]]), tensor([[1]])]",1753430,0.9985984,99,0.99856204
"[tensor([[     78,      91,      81,  ..., 1598806,   45056,    8192]]), tensor([[1]])]",1598806,0.94845,99,0.94153666
"[tensor([[     78,      91,     145,  ..., 1155320,    1024,    8192]]), tensor([[1]])]",1155320,0.75481176,99,0.75481176
"[tensor([[    78,     91,    145,  ..., 958465,    512,   8192]]), tensor([[1]])]",958465,0.9999976,99,0.9999976
"[tensor([[    78,     91,     81,  ..., 792872,  45056,   8192]]), tensor([[1]])]",792872,0.99948514,99,0.99948514
"[tensor([[   78,    91,   145,  ..., 92160,   512,  8192]]), tensor([[1]])]",92160,0.99967456,99,0.99967456
"[tensor([[     78,      91,      81,  ..., 1664000,    1024,    8192]]), tensor([[1]])]",1664000,0.7659909,99,0.7622801
"[tensor([[   78,    91,   145,  ..., 81442, 29696,  8192]]), tensor([[1]])]",81442,0.99192625,53,0.49946472
"[tensor([[    78,     91,    145,  ..., 348672,    512,   8192]]), tensor([[1]])]",348672,0.59574693,99,0.59574693
"[tensor([[    78,     91,    145,  ..., 704052,   1024,   8192]]), tensor([[1]])]",704052,0.9984047,99,0.99827933
"[tensor([[     78,      91,     145,  ..., 1475741,    1024,    8192]]), tensor([[1]])]",1475741,1.0,99,1.0
"[tensor([[    78,     91,     81,  ..., 594432,   1024,   8192]]), tensor([[1]])]",594432,0.99986434,99,0.99968255
"[tensor([[    78,     91,    145,  ..., 329216,   1024,   8192]]), tensor([[1]])]",329216,0.804731,23,0.4909844
"[tensor([[    78,     91,    145,  ..., 419840,   1024,   8192]]), tensor([[1]])]",419840,0.99770015,99,0.9973394
"[tensor([[   78,    91,   145,  ..., 71168,  1024,  8192]]), tensor([[1]])]",71168,0.71187586,99,0.71187586
"[tensor([[    78,     91,    145,  ..., 455144,   1024,   8192]]), tensor([[1]])]",455144,0.8679076,99,0.8679076
"[tensor([[    78,     91,    145,  ..., 354304,    512,   8192]]), tensor([[1]])]",354304,0.999782,99,0.999782
"[tensor([[     78,      91,     145,  ..., 1122304,    1024,    8192]]), tensor([[1]])]",1122304,0.9862898,99,0.9862558
"[tensor([[     78,      91,     145,  ..., 1855035,    1024,    8192]]), tensor([[1]])]",1855035,0.99999726,99,0.99999726
"[tensor([[    78,     91,    145,  ..., 400384,    512,   8192]]), tensor([[1]])]",400384,0.9963666,99,0.996222
"[tensor([[     78,      91,     145,  ..., 1529344,    1024,    8192]]), tensor([[1]])]",1529344,0.9999938,99,0.9999933
"[tensor([[     78,      91,     145,  ..., 1498878,    1024,    8192]]), tensor([[1]])]",1498878,0.99956757,99,0.99956757
"[tensor([[     78,      91,     145,  ..., 1056768,    1024,    8192]]), tensor([[1]])]",1056768,0.9997731,99,0.9997731
"[tensor([[    78,     91,    145,  ..., 819200,   1024,   8192]]), tensor([[1]])]",819200,0.7644823,99,0.75793344
"[tensor([[     78,      91,     145,  ..., 1122304,    1024,    8192]]), tensor([[1]])]",1122304,0.99154294,99,0.99154294
"[tensor([[    78,     91,    145,  ..., 297472,   1024,   8192]]), tensor([[1]])]",297472,0.99963546,99,0.99963546
"[tensor([[    78,     91,    145,  ..., 430080,   1024,   8192]]), tensor([[1]])]",430080,0.9801927,99,0.8056444
"[tensor([[    78,     91,     97,  ..., 218474,   1024,   8192]]), tensor([[1]])]",218474,0.99104404,99,0.99104404
"[tensor([[    78,     91,    145,  ..., 237568, 135168,   8192]]), tensor([[1]])]",237568,0.9841554,99,0.9841554
"[tensor([[     78,      91,     145,  ..., 1072309,    1024,    8192]]), tensor([[1]])]",1072309,0.9999224,99,0.9998946
"[tensor([[    78,     91,     50,  ..., 461312,   1024,   8192]]), tensor([[1]])]",461312,0.9017341,99,0.9017341
"[tensor([[     78,      91,     145,  ..., 1771008,    1024,    8192]]), tensor([[1]])]",1771008,0.8875474,99,0.8769311
"[tensor([[     78,      91,      81,  ..., 1145402,   45056,    8192]]), tensor([[1]])]",1145402,0.9835857,99,0.9828569
"[tensor([[    78,     91,    145,  ..., 160768,   1024,   8192]]), tensor([[1]])]",160768,0.99992895,99,0.99992895
"[tensor([[    78,     91,    145,  ..., 454584,   1024,   8192]]), tensor([[1]])]",454584,0.9993175,99,0.9993175
"[tensor([[    78,     91,     75,  ..., 325308,   1024,   8192]]), tensor([[1]])]",325308,0.91179866,99,0.91179866
"[tensor([[     78,      91,     145,  ..., 1255424,    1024,    8192]]), tensor([[1]])]",1255424,0.9999969,99,0.99999666
"[tensor([[    78,     91,    145,  ..., 305664,   1024,   8192]]), tensor([[1]])]",305664,0.99972135,99,0.99972135
"[tensor([[    78,     91,    145,  ..., 506368,   1024,   8192]]), tensor([[1]])]",506368,0.6065665,9,0.48998347
"[tensor([[    78,     91,    145,  ..., 679968,   1024,   8192]]), tensor([[1]])]",679968,0.91130984,99,0.89715105
"[tensor([[    78,     91,    145,  ..., 749896,   1024,   8192]]), tensor([[1]])]",749896,0.91148335,99,0.91148335
"[tensor([[    78,     91,     81,  ..., 221827,   1024,   8192]]), tensor([[1]])]",221827,0.99822694,99,0.99822694
"[tensor([[    78,     91,    145,  ..., 830448,    512,   8192]]), tensor([[1]])]",830448,0.99753904,99,0.99753904
"[tensor([[    78,     91,    145,  ..., 707073,    512,   8192]]), tensor([[1]])]",707073,0.9829623,99,0.9829623
"[tensor([[   78,    91,   145,  ..., 94712, 43008,  8192]]), tensor([[1]])]",94712,0.99993694,99,0.99993694
"[tensor([[    78,     91,    145,  ..., 143165,  66048,   8192]]), tensor([[1]])]",143165,0.8497365,99,0.8497365
"[tensor([[    78,     91,    145,  ..., 385648,   1024,   8192]]), tensor([[1]])]",385648,0.9737578,99,0.9737578
"[tensor([[   78,    91,   145,  ..., 66129,  1024,  8192]]), tensor([[1]])]",66129,0.99979776,99,0.99979776
"[tensor([[    78,     91,    145,  ..., 117668,   1024,   8192]]), tensor([[1]])]",117668,0.99998176,99,0.99998176
"[tensor([[   78,    91,   145,  ..., 82653,   512,  8192]]), tensor([[1]])]",82653,0.99997675,99,0.9999753
"[tensor([[     78,      91,     145,  ..., 1399296,     512,    8192]]), tensor([[1]])]",1399296,0.99390656,99,0.99390656
"[tensor([[    78,     91,    145,  ..., 296704,   1024,   8192]]), tensor([[1]])]",296704,0.99858,99,0.99858
"[tensor([[    78,     91,    145,  ..., 454994,   1024,   8192]]), tensor([[1]])]",454994,0.9543229,99,0.9543229
"[tensor([[     78,      91,     145,  ..., 1335744,    1024,    8192]]), tensor([[1]])]",1335744,0.97416604,99,0.97416604
"[tensor([[     78,      91,     145,  ..., 1174016,    1024,    8192]]), tensor([[1]])]",1174016,0.98839825,99,0.98839825
"[tensor([[    78,     91,    145,  ..., 354304,   1024,   8192]]), tensor([[1]])]",354304,0.96055925,99,0.96055925
"[tensor([[    78,     91,     97,  ..., 218773,   1024,   8192]]), tensor([[1]])]",218773,0.99566275,99,0.99566275
"[tensor([[    78,     91,    145,  ..., 346154,   1024,   8192]]), tensor([[1]])]",346154,0.9999993,99,0.9999993
"[tensor([[     78,      91,     145,  ..., 1140722,    1024,    8192]]), tensor([[1]])]",1140722,0.99999523,99,0.99999523
"[tensor([[    78,     91,     81,  ..., 322560,   1024,   8192]]), tensor([[1]])]",322560,0.96687675,99,0.96687675
"[tensor([[    78,     91,    145,  ..., 573952,    512,   8192]]), tensor([[1]])]",573952,0.99797887,99,0.99797887
"[tensor([[   78,    91,   145,  ..., 49628,  1024,  8192]]), tensor([[1]])]",49628,0.99924445,99,0.99924445
"[tensor([[     78,      91,     145,  ..., 1172992,    1024,    8192]]), tensor([[1]])]",1172992,0.873249,99,0.873249
"[tensor([[     78,      91,     145,  ..., 1468929,     512,    8192]]), tensor([[1]])]",1468929,0.84439456,99,0.84439456
"[tensor([[    78,     91,    145,  ..., 296720,   1024,   8192]]), tensor([[1]])]",296720,0.9998479,99,0.9998479
"[tensor([[    78,     91,    145,  ..., 430080,   1024,   8192]]), tensor([[1]])]",430080,0.7110318,34,0.49950007
"[tensor([[     78,      91,     145,  ..., 1752576,    1024,    8192]]), tensor([[1]])]",1752576,0.9917761,15,0.4758508
"[tensor([[     78,      91,     145,  ..., 1220840,    1024,    8192]]), tensor([[1]])]",1220840,0.8797765,17,0.48188478
"[tensor([[    78,     91,    145,  ..., 495616,   1024,   8192]]), tensor([[1]])]",495616,0.9818324,99,0.9818324
"[tensor([[    78,     91,    145,  ..., 423516,   1024,   8192]]), tensor([[1]])]",423516,0.9998253,99,0.51035964
"[tensor([[    78,     91,    145,  ..., 216576,   1024,   8192]]), tensor([[1]])]",216576,0.99818426,99,0.99808
"[tensor([[     78,      91,     145,  ..., 1164800,    1024,    8192]]), tensor([[1]])]",1164800,0.9720344,40,0.4964383
"[tensor([[    78,     91,    145,  ..., 430080,   1024,   8192]]), tensor([[1]])]",430080,0.992808,99,0.9205954
"[tensor([[    78,     91,    145,  ..., 613888,   1024,   8192]]), tensor([[1]])]",613888,0.9964251,99,0.9964251
"[tensor([[    78,     91,    145,  ..., 459268,   1024,   8192]]), tensor([[1]])]",459268,0.9999747,99,0.9999727
"[tensor([[   78,    91,   145,  ..., 61440,  1024,  8192]]), tensor([[1]])]",61440,0.9152779,99,0.91454536
"[tensor([[    78,     91,    145,  ..., 687616,   1024,   8192]]), tensor([[1]])]",687616,0.99994576,99,0.99994576
"[tensor([[    78,     91,    145,  ..., 543232,   1024,   8192]]), tensor([[1]])]",543232,0.9999311,99,0.9948896
"[tensor([[    78,     91,    145,  ..., 227914,   1024,   8192]]), tensor([[1]])]",227914,1.0,99,1.0
"[tensor([[    78,     91,    145,  ..., 607871,   1024,   8192]]), tensor([[1]])]",607871,0.9997578,99,0.9997545
"[tensor([[     78,      91,     145,  ..., 1604988,    1024,    8192]]), tensor([[1]])]",1604988,1.0,99,1.0
"[tensor([[    78,     91,     81,  ..., 781824,   1024,   8192]]), tensor([[1]])]",781824,0.9998783,99,0.9998783
"[tensor([[    78,     91,    123,  ..., 149806,   1024,   8192]]), tensor([[1]])]",149806,1.0,99,1.0
"[tensor([[    78,     91,    145,  ..., 370495,   1024,   8192]]), tensor([[1]])]",370495,0.9999628,99,0.99995935
"[tensor([[    78,     91,    145,  ..., 246272,   1024,   8192]]), tensor([[1]])]",246272,0.99999475,99,0.99999475
"[tensor([[    78,     91,    145,  ..., 269488,   1024,   8192]]), tensor([[1]])]",269488,0.98652595,9,0.43132815
"[tensor([[    78,     91,    145,  ..., 296600,   1024,   8192]]), tensor([[1]])]",296600,0.999913,99,0.999913
"[tensor([[    78,     91,    145,  ..., 620926,    512,   8192]]), tensor([[1]])]",620926,0.99022347,99,0.99022347
"[tensor([[   78,    91,   145,  ..., 92672,   512,  8192]]), tensor([[1]])]",92672,0.9960425,99,0.9960425
"[tensor([[   78,    91,    34,  ..., 63941,  1024,  8192]]), tensor([[1]])]",63941,0.9692072,99,0.6010563
"[tensor([[    78,     91,    145,  ..., 936475,   1024,   8192]]), tensor([[1]])]",936475,0.9962721,99,0.99622935
"[tensor([[   78,    91,    12,  ..., 57326,  1024,  8192]]), tensor([[1]])]",57326,0.99170727,99,0.9909277
"[tensor([[     78,      91,     145,  ..., 1164800,    1024,    8192]]), tensor([[1]])]",1164800,0.9299034,99,0.9299034
"[tensor([[    78,     91,    145,  ..., 432128,   1024,   8192]]), tensor([[1]])]",432128,0.9855823,99,0.8536527
"[tensor([[     78,      91,     145,  ..., 1242696,    1024,    8192]]), tensor([[1]])]",1242696,0.85057545,15,0.48059985
"[tensor([[     78,      91,     145,  ..., 1155320,    1024,    8192]]), tensor([[1]])]",1155320,0.9402185,30,0.49445114
"[tensor([[    78,     91,    145,  ..., 202463,   1024,   8192]]), tensor([[1]])]",202463,0.97410643,99,0.97410643
"[tensor([[     78,      91,     145,  ..., 1869824,    1024,    8192]]), tensor([[1]])]",1869824,0.8611663,99,0.8611663
"[tensor([[    78,     91,    145,  ..., 430080,   1024,   8192]]), tensor([[1]])]",430080,0.9868754,99,0.85390466
"[tensor([[    78,     91,    145,  ..., 528080,   1024,   8192]]), tensor([[1]])]",528080,0.96963835,99,0.96963835
"[tensor([[     78,      91,     145,  ..., 1335744,    1024,    8192]]), tensor([[1]])]",1335744,0.9981407,99,0.9981407
"[tensor([[    78,     91,    145,  ..., 327102,   1024,   8192]]), tensor([[1]])]",327102,1.0,99,1.0
"[tensor([[    78,     91,    145,  ..., 498977,   1024,   8192]]), tensor([[1]])]",498977,0.9068495,99,0.9068495
"[tensor([[    78,     91,    145,  ..., 430080,   1024,   8192]]), tensor([[1]])]",430080,0.94208074,99,0.54736435
"[tensor([[    78,     91,    145,  ..., 563712,   1024,   8192]]), tensor([[1]])]",563712,0.99655676,99,0.99655676
"[tensor([[   78,    91,   145,  ..., 91599, 41472,  8192]]), tensor([[1]])]",91599,0.97843754,99,0.97843754
"[tensor([[    78,     91,    145,  ..., 424068,   1024,   8192]]), tensor([[1]])]",424068,0.9999616,99,0.7638355
"[tensor([[   78,    91,   145,  ..., 83352,   512,  8192]]), tensor([[1]])]",83352,0.98948014,99,0.98948014
"[tensor([[    78,     91,    145,  ..., 260608,   1024,   8192]]), tensor([[1]])]",260608,0.9974094,99,0.9974094
"[tensor([[    78,     91,     81,  ..., 791863, 304128,   8192]]), tensor([[1]])]",791863,0.99999833,99,0.99999833
"[tensor([[    78,     91,     97,  ..., 218825,   1024,   8192]]), tensor([[1]])]",218825,0.9734396,99,0.9734396
"[tensor([[    78,     91,    105,  ..., 453437,    512,   8192]]), tensor([[1]])]",453437,0.99007004,99,0.99007004
"[tensor([[     78,      91,     145,  ..., 1335744,    1024,    8192]]), tensor([[1]])]",1335744,0.98700494,99,0.98700494
"[tensor([[    78,     91,    145,  ..., 723968,   1024,   8192]]), tensor([[1]])]",723968,0.9999982,99,0.9999982
"[tensor([[    78,     91,     73,  ..., 130351,   1024,   8192]]), tensor([[1]])]",130351,0.97894716,29,0.4886706
"[tensor([[   78,    91,   145,  ..., 44078,  1024,  8192]]), tensor([[1]])]",44078,0.923078,32,0.49507013
"[tensor([[     78,      91,     145,  ..., 1164800,    1024,    8192]]), tensor([[1]])]",1164800,0.9836072,99,0.9836072
"[tensor([[     78,      91,     145,  ..., 1338885,    1024,    8192]]), tensor([[1]])]",1338885,0.7261011,99,0.7261011
"[tensor([[    78,     91,    145,  ..., 150028,    512,   8192]]), tensor([[1]])]",150028,1.0,99,1.0
"[tensor([[     78,      91,     145,  ..., 1155320,    1024,    8192]]), tensor([[1]])]",1155320,0.96836734,99,0.96836734
"[tensor([[    78,     91,    145,  ..., 861184,    512,   8192]]), tensor([[1]])]",861184,0.8288208,99,0.8288208
"[tensor([[    78,     91,    145,  ..., 460800,   1024,   8192]]), tensor([[1]])]",460800,0.9964784,99,0.99640816
"[tensor([[    78,     91,    145,  ..., 430080,   1024,   8192]]), tensor([[1]])]",430080,0.988749,99,0.8810619
"[tensor([[    78,     91,    145,  ..., 569044,   1024,   8192]]), tensor([[1]])]",569044,1.0,99,1.0
"[tensor([[    78,     91,    145,  ..., 240952,   1024,   8192]]), tensor([[1]])]",240952,0.99999654,99,0.98707426
"[tensor([[    78,     91,     97,  ..., 218981,   1024,   8192]]), tensor([[1]])]",218981,0.9813188,30,0.4846438
"[tensor([[    78,     91,    145,  ..., 226313,   1024,   8192]]), tensor([[1]])]",226313,0.8608615,99,0.8608615
"[tensor([[     78,      91,     145,  ..., 1157270,    1024,    8192]]), tensor([[1]])]",1157270,1.0,99,1.0
"[tensor([[    78,     91,     97,  ..., 218448,   1024,   8192]]), tensor([[1]])]",218448,0.97827756,99,0.97827756
"[tensor([[   78,    91,   145,  ..., 34286,  1024,  8192]]), tensor([[1]])]",34286,0.99557847,82,0.49978885
"[tensor([[   78,    91,   145,  ..., 94104,   512,  8192]]), tensor([[1]])]",94104,0.9958912,99,0.9958912
"[tensor([[    78,     91,    145,  ..., 613376,   1024,   8192]]), tensor([[1]])]",613376,0.9993259,99,0.9993259
"[tensor([[    78,     91,    145,  ..., 668160,   1024,   8192]]), tensor([[1]])]",668160,0.99998534,99,0.9976229
"[tensor([[    78,     91,     81,  ..., 766302,   1024,   8192]]), tensor([[1]])]",766302,1.0,99,1.0
"[tensor([[     78,      91,     145,  ..., 1990145,     512,    8192]]), tensor([[1]])]",1990145,0.9999993,99,0.9999993
"[tensor([[   78,    91,   145,  ..., 46234,  1024,  8192]]), tensor([[1]])]",46234,0.997477,99,0.997477
"[tensor([[     78,      91,     145,  ..., 1335744,    1024,    8192]]), tensor([[1]])]",1335744,0.99889284,99,0.99889284
"[tensor([[     78,      91,      81,  ..., 1934112,    1024,    8192]]), tensor([[1]])]",1934112,0.9429892,99,0.9402012
"[tensor([[     78,      91,      81,  ..., 1696616,    1024,    8192]]), tensor([[1]])]",1696616,0.9978096,99,0.9978096
"[tensor([[     78,      91,      81,  ..., 1256448,    1024,    8192]]), tensor([[1]])]",1256448,1.0,99,1.0
"[tensor([[    78,     91,    145,  ..., 297424,   1024,   8192]]), tensor([[1]])]",297424,0.99986255,99,0.99986255
"[tensor([[    78,     91,    145,  ..., 320211,   1024,   8192]]), tensor([[1]])]",320211,1.0,99,1.0
"[tensor([[    78,     91,    145,  ..., 572303,    512,   8192]]), tensor([[1]])]",572303,0.9952833,99,0.9952833
"[tensor([[    78,     91,    145,  ..., 448000,   1024,   8192]]), tensor([[1]])]",448000,0.95244557,99,0.932103
"[tensor([[     78,      91,     145,  ..., 1155320,    1024,    8192]]), tensor([[1]])]",1155320,0.93357956,99,0.9292781
"[tensor([[    78,     91,    145,  ..., 421376,   1024,   8192]]), tensor([[1]])]",421376,0.99964,99,0.99964
"[tensor([[    78,     91,     97,  ..., 218578,   1024,   8192]]), tensor([[1]])]",218578,0.93299425,20,0.4921076
"[tensor([[    78,     91,    145,  ..., 266240,   1024,   8192]]), tensor([[1]])]",266240,0.59945005,99,0.5892311
"[tensor([[     78,      91,      81,  ..., 1034749,  304128,    8192]]), tensor([[1]])]",1034749,1.0,99,1.0
"[tensor([[    78,     91,     97,  ..., 218786,   1024,   8192]]), tensor([[1]])]",218786,0.9546358,99,0.9541975
"[tensor([[     78,      91,     145,  ..., 1201641,    1024,    8192]]), tensor([[1]])]",1201641,0.9999876,99,0.9999876
"[tensor([[    78,     91,    145,  ..., 430080,   1024,   8192]]), tensor([[1]])]",430080,0.995701,99,0.9499816
"[tensor([[    78,     91,    145,  ..., 430080,   1024,   8192]]), tensor([[1]])]",430080,0.9714859,99,0.74035364
"[tensor([[   78,    91,   145,  ..., 83581,  1024,  8192]]), tensor([[1]])]",83581,1.0,99,1.0
"[tensor([[    78,     91,    145,  ..., 723968,   1024,   8192]]), tensor([[1]])]",723968,0.9999995,99,0.9999995
"[tensor([[    78,     91,    145,  ..., 874926,   1024,   8192]]), tensor([[1]])]",874926,0.9448598,99,0.94067675
"[tensor([[    78,     91,    145,  ..., 189222,   1024,   8192]]), tensor([[1]])]",189222,0.9973278,99,0.9973278
"[tensor([[     78,      91,     145,  ..., 1155320,    1024,    8192]]), tensor([[1]])]",1155320,0.85098857,99,0.85098857
"[tensor([[    78,     91,    145,  ..., 430974,   1024,   8192]]), tensor([[1]])]",430974,0.9940767,99,0.9940767
"[tensor([[    78,     91,    145,  ..., 296672,   1024,   8192]]), tensor([[1]])]",296672,0.99868137,77,0.4859575
"[tensor([[    78,     91,    145,  ..., 296720,   1024,   8192]]), tensor([[1]])]",296720,0.99922264,99,0.99922264
"[tensor([[    78,     91,     81,  ..., 887808,   1024,   8192]]), tensor([[1]])]",887808,1.0,99,1.0
"[tensor([[    78,     91,    145,  ..., 382640,   1024,   8192]]), tensor([[1]])]",382640,0.96637183,99,0.96637183
"[tensor([[    78,     91,    145,  ..., 637440,    512,   8192]]), tensor([[1]])]",637440,0.9823867,99,0.9823867
"[tensor([[    78,     91,    145,  ..., 964304,   1024,   8192]]), tensor([[1]])]",964304,0.9760572,99,0.9760572
"[tensor([[     78,      91,     145,  ..., 1335744,    1024,    8192]]), tensor([[1]])]",1335744,0.9962359,99,0.9962359
"[tensor([[    78,     91,    145,  ..., 220716,   1024,   8192]]), tensor([[1]])]",220716,0.99999905,99,0.99999905
"[tensor([[    78,     91,    145,  ..., 130222,   1024,   8192]]), tensor([[1]])]",130222,1.0,99,1.0
"[tensor([[    78,     91,    145,  ..., 296728,   1024,   8192]]), tensor([[1]])]",296728,0.9998989,99,0.9998989
"[tensor([[    78,     91,    145,  ..., 421142,   1024,   8192]]), tensor([[1]])]",421142,0.9966628,99,0.9966628
"[tensor([[     78,      91,      81,  ..., 1056278,    1024,    8192]]), tensor([[1]])]",1056278,0.71261835,99,0.71261835
"[tensor([[   78,    91,   145,  ..., 45440,  1024,  8192]]), tensor([[1]])]",45440,0.9994789,99,0.9992648
"[tensor([[    78,     91,    145,  ..., 354304,    512,   8192]]), tensor([[1]])]",354304,0.99921215,73,0.49874088
"[tensor([[    78,     91,    145,  ..., 963940,   1024,   8192]]), tensor([[1]])]",963940,0.99994993,99,0.99994993
"[tensor([[    78,     91,    145,  ..., 368696,   1024,   8192]]), tensor([[1]])]",368696,0.9998753,99,0.9998753
"[tensor([[     78,      91,     145,  ..., 1335744,    1024,    8192]]), tensor([[1]])]",1335744,0.99547124,99,0.99547124
"[tensor([[   78,    91,   145,  ..., 45574,  1024,  8192]]), tensor([[1]])]",45574,0.9998952,99,0.99976677
"[tensor([[     78,      91,      81,  ..., 1180183,    1024,    8192]]), tensor([[1]])]",1180183,0.9981171,99,0.9981171
"[tensor([[    78,     91,    145,  ..., 430080,   1024,   8192]]), tensor([[1]])]",430080,0.9452256,99,0.587833
"[tensor([[    78,     91,    145,  ..., 587776,   1024,   8192]]), tensor([[1]])]",587776,0.999783,99,0.687914
"[tensor([[   78,    91,   145,  ..., 62464,  1024,  8192]]), tensor([[1]])]",62464,0.99463224,17,0.45386043
"[tensor([[     78,      91,     145,  ..., 1298106,     512,    8192]]), tensor([[1]])]",1298106,0.9999982,99,0.9999976
"[tensor([[    78,     91,    145,  ..., 912897,    512,   8192]]), tensor([[1]])]",912897,0.9999995,99,0.9999995
"[tensor([[   78,    91,   251,  ..., 60155,  1024,  8192]]), tensor([[1]])]",60155,0.9508012,99,0.9508012
"[tensor([[     78,      91,     145,  ..., 1969664,    1024,    8192]]), tensor([[1]])]",1969664,0.8785759,99,0.8785759
"[tensor([[   78,    91,   145,  ..., 60427,   512,  8192]]), tensor([[1]])]",60427,0.9999087,99,0.9998983
"[tensor([[     78,      91,      81,  ..., 1180271,    1024,    8192]]), tensor([[1]])]",1180271,0.99911183,99,0.99911183
"[tensor([[    78,     91,    145,  ..., 895512,   1024,   8192]]), tensor([[1]])]",895512,0.9902282,99,0.9902282
"[tensor([[     78,      91,     145,  ..., 1155320,    1024,    8192]]), tensor([[1]])]",1155320,0.91111624,26,0.49948305
"[tensor([[    78,     91,    145,  ..., 787173,   1024,   8192]]), tensor([[1]])]",787173,1.0,99,1.0
"[tensor([[    78,     91,    145,  ..., 416256,   1024,   8192]]), tensor([[1]])]",416256,0.99253297,99,0.99253297
"[tensor([[    78,     91,    145,  ..., 102275,   1024,   8192]]), tensor([[1]])]",102275,0.96322745,99,0.9605049
"[tensor([[    78,     91,    145,  ..., 425984,   1024,   8192]]), tensor([[1]])]",425984,0.97547704,99,0.97310287
"[tensor([[    78,     91,    145,  ..., 729248,   1024,   8192]]), tensor([[1]])]",729248,0.9999472,99,0.9999472
"[tensor([[    78,     91,    145,  ..., 325120,   1024,   8192]]), tensor([[1]])]",325120,0.97422284,99,0.97422284
"[tensor([[    78,     91,    145,  ..., 287232,   1024,   8192]]), tensor([[1]])]",287232,0.99999356,99,0.99999356
"[tensor([[    78,     91,     97,  ..., 218422,   1024,   8192]]), tensor([[1]])]",218422,0.9785688,29,0.49010393
"[tensor([[    78,     91,    145,  ..., 804864,   1024,   8192]]), tensor([[1]])]",804864,0.9999982,99,0.9999982
"[tensor([[    78,     91,    145,  ..., 156672,   1024,   8192]]), tensor([[1]])]",156672,0.9999367,99,0.9999367
"[tensor([[     78,      91,     145,  ..., 1155320,    1024,    8192]]), tensor([[1]])]",1155320,0.9052677,99,0.8993303
"[tensor([[    78,     91,    145,  ..., 129155,   1024,   8192]]), tensor([[1]])]",129155,1.0,99,1.0
"[tensor([[    78,     91,     81,  ..., 809353, 304128,   8192]]), tensor([[1]])]",809353,0.99999964,99,0.99993527
"[tensor([[    78,     91,     97,  ..., 218890,   1024,   8192]]), tensor([[1]])]",218890,0.9987558,99,0.9987558
"[tensor([[    78,     91,    145,  ..., 450264,   1024,   8192]]), tensor([[1]])]",450264,0.98119515,49,0.49059343
"[tensor([[     78,      91,      81,  ..., 1461818,   45056,    8192]]), tensor([[1]])]",1461818,0.9999877,99,0.9999857
"[tensor([[     78,      91,      81,  ..., 1469672,    1024,    8192]]), tensor([[1]])]",1469672,0.9919382,99,0.9919382
"[tensor([[    78,     91,    145,  ..., 133138,   1024,   8192]]), tensor([[1]])]",133138,0.96751493,99,0.96751493
"[tensor([[     78,      91,     145,  ..., 1231872,    1024,    8192]]), tensor([[1]])]",1231872,0.9498979,99,0.9498979
"[tensor([[    78,     91,    145,  ..., 732160,    512,   8192]]), tensor([[1]])]",732160,0.98409545,99,0.9833575
"[tensor([[    78,     91,    145,  ..., 495620,   1024,   8192]]), tensor([[1]])]",495620,0.9621754,99,0.9621754
"[tensor([[     78,      91,     145,  ..., 1155320,    1024,    8192]]), tensor([[1]])]",1155320,0.89637,24,0.4957831
"[tensor([[     78,      91,     145,  ..., 1969664,    1024,    8192]]), tensor([[1]])]",1969664,0.8030871,99,0.8030871
"[tensor([[    78,     91,    145,  ..., 788810,   1024,   8192]]), tensor([[1]])]",788810,0.99950695,99,0.99950695
"[tensor([[   78,    91,   145,  ..., 75038, 29696,  8192]]), tensor([[1]])]",75038,0.9973242,66,0.4802854
"[tensor([[   78,    91,   145,  ..., 49698,  1024,  8192]]), tensor([[1]])]",49698,0.9983535,99,0.9981166
"[tensor([[     78,      91,     145,  ..., 1145430,    1024,    8192]]), tensor([[1]])]",1145430,0.99998784,99,0.9892981
"[tensor([[     78,      91,     145,  ..., 1335280,    1024,    8192]]), tensor([[1]])]",1335280,0.941393,99,0.941393
"[tensor([[    78,     91,    145,  ..., 455664,   1024,   8192]]), tensor([[1]])]",455664,0.99361163,99,0.99361163
"[tensor([[    78,     91,    145,  ..., 297472,   1024,   8192]]), tensor([[1]])]",297472,0.9994423,99,0.9769768
"[tensor([[     78,      91,     145,  ..., 1807877,    1024,    8192]]), tensor([[1]])]",1807877,0.9997949,99,0.882335
"[tensor([[    78,     91,    145,  ..., 723968,   1024,   8192]]), tensor([[1]])]",723968,0.9999995,99,0.9999995
"[tensor([[    78,     91,     81,  ..., 284882,   1024,   8192]]), tensor([[1]])]",284882,0.9998148,99,0.9998148
"[tensor([[    78,     91,    123,  ..., 132568,   1024,   8192]]), tensor([[1]])]",132568,1.0,99,1.0
"[tensor([[    78,     91,    145,  ..., 430080,   1024,   8192]]), tensor([[1]])]",430080,0.92249626,99,0.504863
"[tensor([[    78,     91,    145,  ..., 629249,    512,   8192]]), tensor([[1]])]",629249,0.99999654,99,0.99999654
"[tensor([[   78,    91,   145,  ..., 50687,  1024,  8192]]), tensor([[1]])]",50687,0.9845748,99,0.9845748
"[tensor([[    78,     91,     81,  ..., 342016,  45056,   8192]]), tensor([[1]])]",342016,0.9997309,46,0.4774482
"[tensor([[    78,     91,    145,  ..., 375808,   1024,   8192]]), tensor([[1]])]",375808,0.998923,99,0.998923
"[tensor([[     78,      91,     145,  ..., 1155832,    1024,    8192]]), tensor([[1]])]",1155832,0.8486203,99,0.8486203
"[tensor([[    78,     91,    145,  ..., 296696,   1024,   8192]]), tensor([[1]])]",296696,0.99984586,99,0.99984586
"[tensor([[    78,     91,    145,  ..., 430080,   1024,   8192]]), tensor([[1]])]",430080,0.89299446,99,0.89299446
"[tensor([[     78,      91,      81,  ..., 1052672,   45056,    8192]]), tensor([[1]])]",1052672,0.9996526,99,0.9996526
"[tensor([[    78,     91,    145,  ..., 591629,   1024,   8192]]), tensor([[1]])]",591629,0.99999976,99,0.99999976
"[tensor([[    78,     91,    145,  ..., 240640,   1024,   8192]]), tensor([[1]])]",240640,0.89701605,99,0.89701605
"[tensor([[   78,    91,   145,  ..., 61440,  1024,  8192]]), tensor([[1]])]",61440,0.9242487,99,0.9242487
"[tensor([[   78,    91,   145,  ..., 65432,   512,  8192]]), tensor([[1]])]",65432,0.56186616,12,0.49907404
"[tensor([[    78,     91,    145,  ..., 382776,   1024,   8192]]), tensor([[1]])]",382776,0.8950755,99,0.8950755
"[tensor([[     78,      91,      81,  ..., 1039894,    1024,    8192]]), tensor([[1]])]",1039894,0.6316679,99,0.6316679
"[tensor([[     78,      91,     145,  ..., 1221120,    1024,    8192]]), tensor([[1]])]",1221120,0.9999621,99,0.9999621
"[tensor([[    78,     91,    145,  ..., 297336,   1024,   8192]]), tensor([[1]])]",297336,0.9997656,99,0.9997656
"[tensor([[     78,      91,     145,  ..., 1242696,    1024,    8192]]), tensor([[1]])]",1242696,0.82781273,13,0.49692678
"[tensor([[     78,      91,     145,  ..., 1335744,    1024,    8192]]), tensor([[1]])]",1335744,0.998437,99,0.9983759
"[tensor([[    78,     91,    145,  ..., 472440, 130048,   8192]]), tensor([[1]])]",472440,0.9614654,99,0.9614654
"[tensor([[    78,     91,    145,  ..., 495620,   1024,   8192]]), tensor([[1]])]",495620,0.98818356,99,0.98818356
"[tensor([[    78,     91,    145,  ..., 432128,   1024,   8192]]), tensor([[1]])]",432128,0.9962399,99,0.95461446
"[tensor([[    78,     91,    145,  ..., 826881,    512,   8192]]), tensor([[1]])]",826881,0.99864274,99,0.99864274
"[tensor([[   78,    91,   145,  ..., 62464,  1024,  8192]]), tensor([[1]])]",62464,0.99493355,45,0.4911524
"[tensor([[   78,    91,   145,  ..., 46876,  1024,  8192]]), tensor([[1]])]",46876,0.9935959,84,0.49826375
"[tensor([[    78,     91,    145,  ..., 430080,   1024,   8192]]), tensor([[1]])]",430080,0.9469787,99,0.6040899
"[tensor([[     78,      91,     145,  ..., 1137152,    1024,    8192]]), tensor([[1]])]",1137152,0.9951499,99,0.9951499
"[tensor([[     78,      91,      81,  ..., 1933384,    1024,    8192]]), tensor([[1]])]",1933384,0.80233914,99,0.80233914
"[tensor([[    78,     91,    145,  ..., 430080,   1024,   8192]]), tensor([[1]])]",430080,0.9928202,99,0.9211155
"[tensor([[    78,     91,    145,  ..., 179002,  87040,   8192]]), tensor([[1]])]",179002,0.9999999,59,0.46956238
"[tensor([[   78,    91,   145,  ..., 92590,  1024,  8192]]), tensor([[1]])]",92590,0.9993975,99,0.99936503
"[tensor([[    78,     91,    145,  ..., 468480,   1024,   8192]]), tensor([[1]])]",468480,0.9915929,99,0.9915929
"[tensor([[     78,      91,     145,  ..., 1228800,    1024,    8192]]), tensor([[1]])]",1228800,0.7043799,99,0.7043799
"[tensor([[    78,     91,    145,  ..., 296736,   1024,   8192]]), tensor([[1]])]",296736,0.99970406,99,0.99970406
"[tensor([[    78,     91,     97,  ..., 218461,   1024,   8192]]), tensor([[1]])]",218461,0.9702011,27,0.47325897
"[tensor([[    78,     91,    145,  ..., 547328,   1024,   8192]]), tensor([[1]])]",547328,0.7740694,99,0.7740694
"[tensor([[   78,    91,   145,  ..., 36346,   512,  8192]]), tensor([[1]])]",36346,0.9962115,99,0.9962115
"[tensor([[    78,     91,     81,  ..., 990778,  45056,   8192]]), tensor([[1]])]",990778,0.9998228,99,0.9998217
"[tensor([[     78,      91,     145,  ..., 1126912,    1024,    8192]]), tensor([[1]])]",1126912,0.9996605,99,0.9996605
"[tensor([[    78,     91,    145,  ..., 607777,   1024,   8192]]), tensor([[1]])]",607777,0.998055,99,0.99796474
"[tensor([[     78,      91,     145,  ..., 1479532,    1024,    8192]]), tensor([[1]])]",1479532,1.0,99,1.0
"[tensor([[    78,     91,    145,  ..., 413184,   1024,   8192]]), tensor([[1]])]",413184,0.6892623,99,0.6892623
"[tensor([[    78,     91,     81,  ..., 584861, 304128,   8192]]), tensor([[1]])]",584861,1.0,99,1.0
"[tensor([[    78,     91,    145,  ..., 430080,   1024,   8192]]), tensor([[1]])]",430080,0.9979961,99,0.97492087
"[tensor([[    78,     91,    145,  ..., 468480,   1024,   8192]]), tensor([[1]])]",468480,0.9847339,54,0.49792486
"[tensor([[    78,     91,    145,  ..., 430080,   1024,   8192]]), tensor([[1]])]",430080,0.9125057,93,0.49812284
"[tensor([[    78,     91,    145,  ..., 102168,   1024,   8192]]), tensor([[1]])]",102168,0.9901467,99,0.9895583
"[tensor([[   78,    91,   145,  ..., 46144,  1024,  8192]]), tensor([[1]])]",46144,0.9991997,99,0.99889034
"[tensor([[    78,     91,    145,  ..., 156048,   1024,   8192]]), tensor([[1]])]",156048,0.72285986,2,0.49401128
"[tensor([[     78,      91,     145,  ..., 1335744,    1024,    8192]]), tensor([[1]])]",1335744,0.9966535,99,0.9966535
"[tensor([[    78,     91,    145,  ..., 417452,   1024,   8192]]), tensor([[1]])]",417452,0.9829419,99,0.9829419
"[tensor([[    78,     91,    145,  ..., 606720,   1024,   8192]]), tensor([[1]])]",606720,0.9999987,99,0.9999987
"[tensor([[    78,     91,    121,  ..., 728576,    512,   8192]]), tensor([[1]])]",728576,0.9915249,99,0.9915249
"[tensor([[    78,     91,    145,  ..., 304752,   1024,   8192]]), tensor([[1]])]",304752,0.6712331,99,0.6712331
"[tensor([[    78,     91,    145,  ..., 707073,    512,   8192]]), tensor([[1]])]",707073,0.9962947,99,0.9962947
"[tensor([[    78,     91,    145,  ..., 250368,    512,   8192]]), tensor([[1]])]",250368,0.9907017,99,0.9907017
"[tensor([[   78,    91,   145,  ..., 36864,  1024,  8192]]), tensor([[1]])]",36864,0.9753469,99,0.974606
"[tensor([[    78,     91,    145,  ..., 538112,   1024,   8192]]), tensor([[1]])]",538112,0.9995029,99,0.9995029
"[tensor([[    78,     91,    145,  ..., 391967,   1024,   8192]]), tensor([[1]])]",391967,0.8743939,99,0.8625238
"[tensor([[   78,    91,   145,  ..., 88497,  1024,  8192]]), tensor([[1]])]",88497,1.0,99,1.0
"[tensor([[    78,     91,    145,  ..., 562688,   1024,   8192]]), tensor([[1]])]",562688,0.95456505,99,0.95456505
"[tensor([[    78,     91,    145,  ..., 423615,   1024,   8192]]), tensor([[1]])]",423615,0.9928981,99,0.99183065
"[tensor([[    78,     91,    145,  ..., 189528,   1024,   8192]]), tensor([[1]])]",189528,0.9998198,99,0.9997199
"[tensor([[     78,      91,     121,  ..., 1247744,     512,    8192]]), tensor([[1]])]",1247744,0.89754164,99,0.8957203
"[tensor([[    78,     91,     52,  ..., 875520,   1024,   8192]]), tensor([[1]])]",875520,0.98264503,99,0.98264503
"[tensor([[    78,     91,    145,  ..., 495616,   1024,   8192]]), tensor([[1]])]",495616,0.9982498,99,0.9982498
"[tensor([[    78,     91,    145,  ..., 782336,   1024,   8192]]), tensor([[1]])]",782336,0.99997175,99,0.8566171
"[tensor([[    78,     91,    145,  ..., 430080,   1024,   8192]]), tensor([[1]])]",430080,0.9979664,99,0.97422993
"[tensor([[     78,      91,      81,  ..., 1163834,   45056,    8192]]), tensor([[1]])]",1163834,0.99847084,99,0.9983865
"[tensor([[   78,    91,   145,  ..., 61590,  1024,  8192]]), tensor([[1]])]",61590,0.8386801,99,0.8311722
"[tensor([[    78,     91,    145,  ..., 360042,   1024,   8192]]), tensor([[1]])]",360042,1.0,99,1.0
"[tensor([[    78,     91,    145,  ..., 723968,   1024,   8192]]), tensor([[1]])]",723968,0.9999995,99,0.9999995
"[tensor([[   78,    91,   145,  ..., 62464,  1024,  8192]]), tensor([[1]])]",62464,0.9954146,99,0.9953863
"[tensor([[     78,      91,     145,  ..., 1242696,    1024,    8192]]), tensor([[1]])]",1242696,0.8891709,18,0.47556776
"[tensor([[     78,      91,     145,  ..., 1386496,    1024,    8192]]), tensor([[1]])]",1386496,0.96240014,99,0.96240014
"[tensor([[    78,     91,    145,  ..., 234496,   1024,   8192]]), tensor([[1]])]",234496,0.9999809,99,0.9999809
"[tensor([[    78,     91,    145,  ..., 912897,    512,   8192]]), tensor([[1]])]",912897,0.9999999,99,0.9999999
"[tensor([[    78,     91,    145,  ..., 306688,   1024,   8192]]), tensor([[1]])]",306688,0.99999917,99,0.99999917
"[tensor([[    78,     91,    145,  ..., 603136,   1024,   8192]]), tensor([[1]])]",603136,0.9837187,99,0.6716826
"[tensor([[    78,     91,    145,  ..., 820363,   1024,   8192]]), tensor([[1]])]",820363,0.9999341,99,0.9999341
"[tensor([[     78,      91,     145,  ..., 1155320,    1024,    8192]]), tensor([[1]])]",1155320,0.9824072,99,0.9824072
"[tensor([[   78,    91,   145,  ..., 35956,  1024,  8192]]), tensor([[1]])]",35956,0.9908551,99,0.9908551
"[tensor([[   78,    91,   145,  ..., 61440,  1024,  8192]]), tensor([[1]])]",61440,0.9375389,9,0.4267251
"[tensor([[    78,     91,     81,  ..., 507049,   1024,   8192]]), tensor([[1]])]",507049,0.852027,99,0.8404709
"[tensor([[    78,     91,    145,  ..., 495616,   1024,   8192]]), tensor([[1]])]",495616,0.9961422,99,0.9961422
"[tensor([[    78,     91,    145,  ..., 423513,   1024,   8192]]), tensor([[1]])]",423513,0.99988484,99,0.5698438
"[tensor([[    78,     91,    145,  ..., 939521,    512,   8192]]), tensor([[1]])]",939521,0.98756856,99,0.78366727
"[tensor([[    78,     91,    145,  ..., 297432,   1024,   8192]]), tensor([[1]])]",297432,0.99989533,99,0.99989533
"[tensor([[    78,     91,     81,  ..., 382976,   1024,   8192]]), tensor([[1]])]",382976,0.96127063,99,0.96127063
"[tensor([[     78,      91,      81,  ..., 1004342,  283648,    8192]]), tensor([[1]])]",1004342,0.99994814,99,0.9999131
"[tensor([[    78,     91,    145,  ..., 430080,   1024,   8192]]), tensor([[1]])]",430080,0.99648005,99,0.9595435
"[tensor([[    78,     91,     97,  ..., 218734,   1024,   8192]]), tensor([[1]])]",218734,0.9579826,99,0.9563112
"[tensor([[    78,     91,    145,  ..., 861184,    512,   8192]]), tensor([[1]])]",861184,0.7461363,99,0.7461363
"[tensor([[    78,     91,    123,  ..., 132518,   1024,   8192]]), tensor([[1]])]",132518,1.0,99,1.0
"[tensor([[     78,      91,     145,  ..., 1336256,    1024,    8192]]), tensor([[1]])]",1336256,0.9960156,99,0.9960156
"[tensor([[    78,     91,    145,  ..., 179078,  87040,   8192]]), tensor([[1]])]",179078,0.9999999,60,0.4518726
"[tensor([[   78,    91,   145,  ..., 35116,  1024,  8192]]), tensor([[1]])]",35116,0.97613645,99,0.97613645
"[tensor([[    78,     91,    145,  ..., 421376,   1024,   8192]]), tensor([[1]])]",421376,0.9759016,99,0.9759016
"[tensor([[    78,     91,    145,  ..., 401920,    512,   8192]]), tensor([[1]])]",401920,0.9990433,99,0.99894875
"[tensor([[     78,      91,     145,  ..., 1070261,    1024,    8192]]), tensor([[1]])]",1070261,0.9906371,99,0.9906371
"[tensor([[    78,     91,     77,  ..., 326891,   1024,   8192]]), tensor([[1]])]",326891,1.0,99,1.0
"[tensor([[    78,     91,    145,  ..., 430080,   1024,   8192]]), tensor([[1]])]",430080,0.9972983,99,0.96786165
"[tensor([[    78,     91,    145,  ..., 884365,   1024,   8192]]), tensor([[1]])]",884365,0.9999887,99,0.99998546
"[tensor([[    78,     91,    145,  ..., 296664,   1024,   8192]]), tensor([[1]])]",296664,0.9997341,99,0.9997341
"[tensor([[   78,    91,   145,  ..., 42078,  1024,  8192]]), tensor([[1]])]",42078,0.99446774,99,0.99446774
"[tensor([[    78,     91,    145,  ..., 165888,   1024,   8192]]), tensor([[1]])]",165888,0.6644703,99,0.6644703
"[tensor([[     78,      91,     145,  ..., 1126912,    1024,    8192]]), tensor([[1]])]",1126912,0.9998041,99,0.9998041
"[tensor([[     78,      91,     145,  ..., 1335744,    1024,    8192]]), tensor([[1]])]",1335744,0.9980591,99,0.9980591
"[tensor([[    78,     91,    145,  ..., 468480,   1024,   8192]]), tensor([[1]])]",468480,0.9911039,63,0.48467144
"[tensor([[    78,     91,    145,  ..., 787048,    512,   8192]]), tensor([[1]])]",787048,0.99999845,83,0.49563527
"[tensor([[   78,    91,   145,  ..., 58734,  1024,  8192]]), tensor([[1]])]",58734,0.9999907,99,0.5192318
"[tensor([[   78,    91,   145,  ..., 62464,  1024,  8192]]), tensor([[1]])]",62464,0.9873032,14,0.4336938
"[tensor([[    78,     91,    145,  ..., 600576,   1024,   8192]]), tensor([[1]])]",600576,0.92101306,99,0.92101306
"[tensor([[    78,     91,    145,  ..., 569044,   1024,   8192]]), tensor([[1]])]",569044,1.0,99,1.0
"[tensor([[    78,     91,    145,  ..., 430080,   1024,   8192]]), tensor([[1]])]",430080,0.92337126,99,0.50049293
"[tensor([[   78,    91,   145,  ..., 99214,  1024,  8192]]), tensor([[1]])]",99214,0.9992974,99,0.9992974
"[tensor([[    78,     91,     57,  ..., 131496,   1024,   8192]]), tensor([[1]])]",131496,0.9972349,99,0.9972349
"[tensor([[    78,     91,    145,  ..., 461312,   1024,   8192]]), tensor([[1]])]",461312,0.9536824,99,0.65920365
"[tensor([[   78,    91,   145,  ..., 92170, 43008,  8192]]), tensor([[1]])]",92170,0.9999418,99,0.9999418
"[tensor([[    78,     91,    145,  ..., 322560,   1024,   8192]]), tensor([[1]])]",322560,0.99998975,99,0.99998975
"[tensor([[    78,     91,     97,  ..., 218591,   1024,   8192]]), tensor([[1]])]",218591,0.9549001,99,0.9549001
"[tensor([[    78,     91,     77,  ..., 326841,   1024,   8192]]), tensor([[1]])]",326841,1.0,99,1.0
"[tensor([[    78,     91,    145,  ..., 888196,   1024,   8192]]), tensor([[1]])]",888196,0.9569015,99,0.95652866
"[tensor([[    78,     91,    145,  ..., 760296,    512,   8192]]), tensor([[1]])]",760296,0.96480036,20,0.48225313
"[tensor([[     78,      91,      81,  ..., 1694266,   45056,    8192]]), tensor([[1]])]",1694266,0.999648,99,0.9996099
"[tensor([[   78,    91,   145,  ..., 86888,  1024,  8192]]), tensor([[1]])]",86888,0.99998236,99,0.99998236
"[tensor([[    78,     91,    145,  ..., 530504,   1024,   8192]]), tensor([[1]])]",530504,0.993954,78,0.4862747
"[tensor([[     78,      91,     145,  ..., 1679895,    1024,    8192]]), tensor([[1]])]",1679895,0.99893945,99,0.99893945
"[tensor([[     78,      91,     145,  ..., 1336256,    1024,    8192]]), tensor([[1]])]",1336256,0.9947924,99,0.9947924
"[tensor([[    78,     91,    145,  ..., 735716,   1024,   8192]]), tensor([[1]])]",735716,0.9997173,99,0.9997173
"[tensor([[    78,     91,     81,  ..., 846166,  45056,   8192]]), tensor([[1]])]",846166,0.9440591,99,0.9440591
"[tensor([[    78,     91,    145,  ..., 979952,   1024,   8192]]), tensor([[1]])]",979952,0.99999595,99,0.99999595
"[tensor([[     78,      91,     145,  ..., 1336256,    1024,    8192]]), tensor([[1]])]",1336256,0.9994548,99,0.99944526
"[tensor([[    78,     91,    145,  ..., 430080,   1024,   8192]]), tensor([[1]])]",430080,0.9975079,99,0.968441
"[tensor([[    78,     91,    145,  ..., 211525,   1024,   8192]]), tensor([[1]])]",211525,1.0,99,1.0
"[tensor([[     78,      91,      81,  ..., 1521416,    1024,    8192]]), tensor([[1]])]",1521416,0.91323334,99,0.9107134
"[tensor([[    78,     91,    145,  ..., 326902,   1024,   8192]]), tensor([[1]])]",326902,1.0,99,1.0
"[tensor([[     78,      91,     145,  ..., 1335744,    1024,    8192]]), tensor([[1]])]",1335744,0.99929583,99,0.99929583
"[tensor([[     78,      91,      81,  ..., 1621562,   45056,    8192]]), tensor([[1]])]",1621562,0.9999993,99,0.9999993
"[tensor([[    78,     91,     81,  ..., 322560,   1024,   8192]]), tensor([[1]])]",322560,0.92850983,33,0.4960183
"[tensor([[    78,     91,    145,  ..., 430080,   1024,   8192]]), tensor([[1]])]",430080,0.99952435,99,0.993736
"[tensor([[   78,    91,   145,  ..., 90147,  1024,  8192]]), tensor([[1]])]",90147,0.99372286,99,0.99372286
"[tensor([[    78,     91,    145,  ..., 142973,   1024,   8192]]), tensor([[1]])]",142973,0.9999037,99,0.9999037
"[tensor([[     78,      91,     145,  ..., 1335744,    1024,    8192]]), tensor([[1]])]",1335744,0.99935716,99,0.99935716
